id_compromiso,nivel_fuente,naturaleza,tema,fase,accion_o_requisito_normalizado,indicador_parametro,umbral_valor,unidad,frecuencia_plazo,momento_cumplimiento,responsable_o_actor,autoridad_control,documento_fuente,pagina_pdf,folio,seccion_numeral,cita_fuente,estado_en_expediente,metodo_extraccion,relacion_con_otro,criterio_inclusion,caveat
COM001,AAP,condición explícita,cumplimiento general; compromisos de la tramitación,todas,Cumplir estrictamente los compromisos asumidos durante la tramitación ambiental.,cumplimiento de compromisos,,,continuo,construcción y operación,Eleanor Applications S.R.L.,DINACEA,Resolucion-Ministerial-644-2024.pdf,3,773,1 (encabezado),sujeto al estricto cumplimiento de los compromisos que surgen de la presente tramitación,vigente,OCR + revisión estructurada,Condición marco que incorpora por referencia compromisos de documentos previos.,"condición explícita de la Resolución Ministerial 644/2024, desagregada atómicamente",La Resolución no enumera en este punto cada compromiso previo; su alcance concreto debe trazarse documento por documento.
COM002,AAP,condición explícita,proyecto; conformidad con documentos aprobados,construcción y operación,Ejecutar el proyecto de acuerdo con la totalidad de los documentos presentados.,conformidad documental,,,continuo,construcción y operación,Eleanor Applications S.R.L.,DINACEA,Resolucion-Ministerial-644-2024.pdf,4,774,1.a,"El proyecto deberá construirse y operarse de acuerdo a lo estipulado en la totalidad de los documentos presentados, salvo en aquellos aspectos que contradigan las condiciones incluidas en esta Resolución.",vigente,OCR + revisión estructurada,COM001,"condición explícita de la Resolución Ministerial 644/2024, desagregada atómicamente",La Resolución prevalece sobre documentación previa incompatible.
COM003,AAP,condición explícita,construcción; inicio de obras,construcción,Notificar a DINACEA la fecha de inicio de obras.,fecha de inicio de obras,,,con antelación,antes del inicio de obras,Eleanor Applications S.R.L.,DINACEA,Resolucion-Ministerial-644-2024.pdf,4,774,1.b,"La titular del proyecto deberá comunicar a la Dirección Nacional de Calidad y Evaluación Ambiental, por escrito y con antelación, la fecha de inicio de las obras del proyecto.",vigente,OCR + revisión estructurada,,"condición explícita de la Resolución Ministerial 644/2024, desagregada atómicamente",No se fija un número mínimo de días de antelación.
COM004,AAP,condición explícita,construcción; PGA-C,construcción,Actualizar el PGA-C y obtener aprobación de DINACEA.,PGA-C aprobado,,,una vez,previo al inicio de construcción,Eleanor Applications S.R.L.,DINACEA,Resolucion-Ministerial-644-2024.pdf,4,774,1.c,"Previo al inicio de la fase de construcción del proyecto, la proponente deberá contar con la aprobación de la Dirección Nacional de Calidad y Evaluación Ambiental de la actualización del Plan de Gestión Ambiental de Construcción (PGA-C)",vigente,OCR + revisión estructurada,,"condición explícita de la Resolución Ministerial 644/2024, desagregada atómicamente","La resolución menciona mínimos obligatorios del PGA-C, desagregados en las filas siguientes."
COM005,AAP / PGA-C,contenido mínimo obligatorio,residuos; residuos de obra,construcción,Incluir programa de gestión de residuos de obra en el PGA-C.,programa incluido,,,antes de aprobación del PGA-C,previo a construcción,Eleanor Applications S.R.L.,DINACEA,Resolucion-Ministerial-644-2024.pdf,4,774,1.c,"que contenga, como mínimo, programas de gestión de residuos de obra",vigente,OCR + revisión estructurada,COM004,"condición explícita de la Resolución Ministerial 644/2024, desagregada atómicamente",El detalle operativo debe verificarse contra el PGA-C actualizado/aprobado.
COM006,AAP / PGA-C,contenido mínimo obligatorio,tránsito; manejo del tránsito,construcción,Incluir programa de manejo del tránsito en el PGA-C.,programa incluido,,,antes de aprobación del PGA-C,previo a construcción,Eleanor Applications S.R.L.,DINACEA,Resolucion-Ministerial-644-2024.pdf,4,774,1.c,"programas de gestión de residuos de obra, de manejo del tránsito",vigente,OCR + revisión estructurada,COM004,"condición explícita de la Resolución Ministerial 644/2024, desagregada atómicamente",El detalle operativo debe verificarse contra el PGA-C actualizado/aprobado.
COM007,AAP / PGA-C,contenido mínimo obligatorio,efluentes; gestión de efluentes,construcción,Incluir programa de gestión de efluentes en el PGA-C.,programa incluido,,,antes de aprobación del PGA-C,previo a construcción,Eleanor Applications S.R.L.,DINACEA,Resolucion-Ministerial-644-2024.pdf,4,774,1.c,"programas de gestión de residuos de obra, de manejo del tránsito, de gestión de efluentes",vigente,OCR + revisión estructurada,COM004,"condición explícita de la Resolución Ministerial 644/2024, desagregada atómicamente",El detalle operativo debe verificarse contra el PGA-C actualizado/aprobado.
COM008,AAP / PGA-C,contenido mínimo obligatorio,social; relacionamiento comunitario,construcción,Incluir programa de relacionamiento comunitario en el PGA-C.,programa incluido,,,antes de aprobación del PGA-C,previo a construcción,Eleanor Applications S.R.L.,DINACEA,Resolucion-Ministerial-644-2024.pdf,4,774,1.c,"programas de gestión de residuos de obra, de manejo del tránsito, de gestión de efluentes y de relacionamiento comunitario.",vigente,OCR + revisión estructurada,COM004,"condición explícita de la Resolución Ministerial 644/2024, desagregada atómicamente",La Resolución no especifica aquí indicadores sociales ni frecuencia de relacionamiento.
COM009,AAP,condición explícita,ruido; monitoreo NPS,operación,Entregar a DINACEA resultados y análisis de NPS.,NPS en receptores sensibles,,,≤45 días desde inicio de cada módulo,inicio de operación de cada módulo,Eleanor Applications S.R.L.,DINACEA,Resolucion-Ministerial-644-2024.pdf,4,774,1.d,"deberá presentar, en un plazo no mayor a 45 (cuarenta y cinco) días de iniciada la operación de cada módulo del data center, los resultados y análisis del monitoreo de NPS en los receptores sensibles",vigente,OCR + revisión estructurada,COM029,"condición explícita de la Resolución Ministerial 644/2024, desagregada atómicamente",La resolución no fija en este numeral un valor límite de NPS; remite al monitoreo y eventual mitigación.
COM010,AAP,condición contingente,ruido; mitigación acústica,operación,Preparar y someter a evaluación/aprobación medidas de mitigación.,proyecto ejecutivo y cronograma,,,junto con reporte NPS cuando corresponda,posterior al inicio de cada módulo,Eleanor Applications S.R.L.,DINACEA,Resolucion-Ministerial-644-2024.pdf,4,774,1.d,"y, en caso de corresponder, el proyecto ejecutivo y cronograma de implementación de las medidas de mitigación propuestas, para su evaluación y aprobación",vigente,OCR + revisión estructurada,COM009,"condición explícita de la Resolución Ministerial 644/2024, desagregada atómicamente",La condición 'en caso de corresponder' depende del resultado del monitoreo y evaluación de DINACEA.
COM011,AAP,prohibición explícita,tránsito; acceso vial,construcción,Excluir ese camino del acceso de obra.,uso del camino,,,continuo,construcción,Eleanor Applications S.R.L.,DINACEA,Resolucion-Ministerial-644-2024.pdf,4,774,1.e,"En la etapa de construcción no se podrá acceder al predio, ni utilizar, el camino Gonzalo “Gonchi” Rodríguez.",vigente,OCR + revisión estructurada,,"condición explícita de la Resolución Ministerial 644/2024, desagregada atómicamente",No se especifican aquí rutas alternativas.
COM012,AAP,condición explícita,monitoreo; registros,operación,Conservar registros de monitoreo accesibles para DINACEA.,registros de monitoreo,,,continuo,operación,Eleanor Applications S.R.L.,DINACEA,Resolucion-Ministerial-644-2024.pdf,4,774,1.f,Todos los registros generados por las actividades de monitoreo en la fase de operación del proyecto deberán mantenerse a disposición de la Dirección Nacional de Calidad y Evaluación Ambiental en el lugar de ejecución del proyecto.,vigente,OCR + revisión estructurada,,"condición explícita de la Resolución Ministerial 644/2024, desagregada atómicamente",No se explicita período mínimo de conservación.
COM013,AAP,condición adaptativa,impactos no previstos; mitigación,todas,Definir medidas y someterlas a evaluación/aprobación de DINACEA.,impactos no previstos / medidas,,,cuando ocurra,ante constatación de impacto no previsto,Eleanor Applications S.R.L.,DINACEA,Resolucion-Ministerial-644-2024.pdf,4,774,1.g,"De constatarse impactos ambientales no previstos originalmente, se deberán establecer medidas de mitigación y presentarlas ante la Dirección Nacional de Calidad y Evaluación Ambiental para su evaluación y aprobación.",vigente,OCR + revisión estructurada,,"condición explícita de la Resolución Ministerial 644/2024, desagregada atómicamente",No se define un plazo específico para la presentación tras la constatación.
COM014,AAP,condición explícita,cambios de proyecto; control de modificaciones,todas,Comunicar cambios antes de ejecutarlos y obtener autorización.,variación del proyecto,,,previo a cada cambio,antes de modificar el proyecto,Eleanor Applications S.R.L.,DINACEA,Resolucion-Ministerial-644-2024.pdf,5,775,1.h,Toda variación que se proponga al proyecto original autorizado por esta resolución deberá ser comunicada a la Dirección Nacional de Calidad y Evaluación Ambiental para su análisis y previa autorización.,vigente,OCR + revisión estructurada,,"condición explícita de la Resolución Ministerial 644/2024, desagregada atómicamente",La condición alcanza modificaciones futuras respecto del proyecto autorizado.
COM015,Autorización de Emisiones al Aire,condición explícita,aire; vigencia y cumplimiento,operación,Operar las emisiones al aire conforme a compromisos y Reglamento de Calidad del Aire.,vigencia autorización,3,años,3 años desde inicio de operación,operación,Eleanor Applications S.R.L.,DINACEA,Resolucion-Ministerial-644-2024.pdf,5,775,2,"por el plazo de 3 (tres) años, contado a partir del inicio de la operación, y sujeto al estricto cumplimiento de los compromisos que surgen de la presente tramitación y del Decreto N° 135/021",vigente,OCR + revisión estructurada,COM001,"condición explícita de la Resolución Ministerial 644/2024, desagregada atómicamente",La vigencia indicada corresponde a la Autorización de Emisiones al Aire.
COM016,PGR,condición explícita,residuos; Plan de Gestión de Residuos Sólidos Industriales,todas,Implementar el PGR conforme a la tramitación.,cumplimiento PGR,,,continuo,construcción y operación,Eleanor Applications S.R.L.,DINACEA,Resolucion-Ministerial-644-2024.pdf,5,775,3,Apruébase el Plan de Gestión de Residuos Sólidos Industriales [...] sujeto al estricto cumplimiento de los compromisos que surgen de la presente tramitación.,vigente,OCR + revisión estructurada,COM001; COM019,"condición explícita de la Resolución Ministerial 644/2024, desagregada atómicamente",La Resolución aprueba el PGR presentado; la versión actualizada se exige luego para AAO.
COM017,AAP,condición de caducidad,cronograma; inicio de ejecución,construcción,Iniciar ejecución dentro del plazo legal.,plazo de inicio,2,años,2 años desde el día hábil siguiente a la notificación,inicio de ejecución,Eleanor Applications S.R.L.,Ministerio de Ambiente,Resolucion-Ministerial-644-2024.pdf,5,775,4,"la presente autorización quedará sin efecto si no se inicia la ejecución del proyecto dentro del plazo legal de 2 (dos) años, contado a partir del día hábil siguiente al de la notificación de esta Resolución",vigente,OCR + revisión estructurada,,"condición explícita de la Resolución Ministerial 644/2024, desagregada atómicamente",La fecha efectiva de notificación no se establece en esta página.
COM018,AAO,requisito previo,operación; Autorización Ambiental de Operación,operación,Obtener la Autorización Ambiental de Operación.,AAO obtenida,,,una vez,antes de iniciar operación,Eleanor Applications S.R.L.,DINACEA,Resolucion-Ministerial-644-2024.pdf,5,775,5,deberá contar con la Autorización Ambiental de Operación para poder iniciar la operación del proyecto,vigente,OCR + revisión estructurada,,"condición explícita de la Resolución Ministerial 644/2024, desagregada atómicamente",La solicitud de AAO debe acompañarse de la información desagregada en COM019-COM030.
COM019,AAO / PGAO,requisito documental,energía; PUE,operación,Definir e incluir metodología/procedimientos de medición anual del PUE.,PUE,anual,,anual,solicitud de AAO / operación,Eleanor Applications S.R.L.,DINACEA,Resolucion-Ministerial-644-2024.pdf,5,775,5.a.i,Procedimientos para la medición del PUE anual.,pendiente de AAO,OCR + revisión estructurada,COM018,"condición explícita de la Resolución Ministerial 644/2024, desagregada atómicamente","La Resolución exige medición anual, pero no fija aquí un valor objetivo o límite de PUE."
COM020,AAO / PGAO,requisito documental,residuos; PGR actualizado,operación,Actualizar e incorporar el Plan de Gestión de Residuos Sólidos.,PGR actualizado,,,con solicitud de AAO,previo a operación,Eleanor Applications S.R.L.,DINACEA,Resolucion-Ministerial-644-2024.pdf,6,776,5.a.ii,Versión actualizada del Plan de Gestión de Residuos Sólidos.,pendiente de AAO,OCR + revisión estructurada,COM016; COM018,"condición explícita de la Resolución Ministerial 644/2024, desagregada atómicamente",La Resolución no detalla en este numeral qué actualizaciones específicas deben incorporarse.
COM021,AAO / PGAO,requisito documental,ruido; programa de monitoreo,operación,Definir programas de monitoreo de niveles de presión sonora.,niveles de presión sonora,,,según programa a aprobar,operación,Eleanor Applications S.R.L.,DINACEA,Resolucion-Ministerial-644-2024.pdf,6,776,5.a.iii,Detalle de los programas de monitoreo a ejecutar para el control y seguimiento de los niveles de presión sonora en el entorno inmediato.,pendiente de AAO,OCR + revisión estructurada,COM009; COM029,"condición explícita de la Resolución Ministerial 644/2024, desagregada atómicamente",La frecuencia concreta debe definirse en el PGAO.
COM022,AAO / PGAO,requisito documental,aire / generadores; combustión y mantenimiento,operación,Definir procedimientos de combustión/mantenimiento y citar referencias utilizadas.,buenas prácticas motores,,,frecuencia a definir en PGAO,operación,Eleanor Applications S.R.L.,DINACEA,Resolucion-Ministerial-644-2024.pdf,6,776,5.a.iv,"Procedimientos a implementar, incluyendo acciones concretas y frecuencia de ejecución, para asegurar las buenas prácticas tanto en la combustión como en el mantenimiento de los motores, incluyendo las referencias utilizadas.",pendiente de AAO,OCR + revisión estructurada,COM025,"condición explícita de la Resolución Ministerial 644/2024, desagregada atómicamente","La Resolución exige que la frecuencia sea explícita, pero no la fija."
COM023,AAO / PGAO,requisito documental,social; relacionamiento comunitario,operación,Definir e implementar programa de relacionamiento comunitario.,programa comunitario,,,según PGAO,operación,Eleanor Applications S.R.L.,DINACEA,Resolucion-Ministerial-644-2024.pdf,6,776,5.a.v,Programa de relacionamiento comunitario.,pendiente de AAO,OCR + revisión estructurada,COM008; COM028,"condición explícita de la Resolución Ministerial 644/2024, desagregada atómicamente","No se especifican aquí indicadores, población objetivo ni frecuencia."
COM024,AAO / PGAO,requisito documental,efluentes; gestor de efluentes industriales,operación,Obtener y presentar aceptación formal del gestor.,nota de aceptación,,,con solicitud de AAO,previo a operación,Eleanor Applications S.R.L.,DINACEA,Resolucion-Ministerial-644-2024.pdf,6,776,5.a.vi,Nota de aceptación por parte del gestor de los efluentes industriales.,pendiente de AAO,OCR + revisión estructurada,COM018,"condición explícita de la Resolución Ministerial 644/2024, desagregada atómicamente",La Resolución no identifica en este numeral al gestor por nombre.
COM025,AAO,requisito documental,aire / generadores; fichas técnicas,operación,Entregar fichas técnicas de generadores instalados.,caracterización de emisiones,,,con solicitud de AAO,previo a operación,Eleanor Applications S.R.L.,DINACEA,Resolucion-Ministerial-644-2024.pdf,6,776,5.b,Fichas técnicas de los generadores de emergencia instalados que respaldan la caracterización de las emisiones al aire.,pendiente de AAO,OCR + revisión estructurada,COM022,"condición explícita de la Resolución Ministerial 644/2024, desagregada atómicamente",Este requisito cierra una cuestión planteada durante las SIC sobre factores/datos de emisión de los equipos finalmente seleccionados.
COM026,AAO,requisito documental,emergencia; corte de suministro,operación,Preparar y presentar plan específico de emergencia por pérdida de red.,Plan de Emergencia,,,con solicitud de AAO,previo a operación,Eleanor Applications S.R.L.,DINACEA,Resolucion-Ministerial-644-2024.pdf,6,776,5.c,El Plan de Emergencia ante el corte de suministro de energía,pendiente de AAO,OCR + revisión estructurada,COM027; COM028; COM029,"condición explícita de la Resolución Ministerial 644/2024, desagregada atómicamente",Los contenidos mínimos del plan se desagregan en las filas siguientes.
COM027,AAO / Plan de Emergencia,contenido mínimo obligatorio,energía de respaldo; desconexión de carga,operación,Definir protocolo de desconexión de carga.,protocolo de desconexión,,,según plan,emergencia / previo a operación,Eleanor Applications S.R.L.,DINACEA,Resolucion-Ministerial-644-2024.pdf,6,776,5.c,el protocolo de desconexión de carga,pendiente de AAO,OCR + revisión estructurada,COM026,"condición explícita de la Resolución Ministerial 644/2024, desagregada atómicamente",La Resolución no fija aquí la secuencia técnica del protocolo.
COM028,AAO / Plan de Emergencia,contenido mínimo obligatorio,aire; monitoreo de calidad de aire,operación / emergencia,Diseñar plan de monitoreo de aire con estaciones y métodos definidos.,calidad de aire,,,según plan,emergencia / previo a operación,Eleanor Applications S.R.L.,DINACEA,Resolucion-Ministerial-644-2024.pdf,6,776,5.c,el plan de monitoreo de calidad de aire (ubicación de estaciones de monitoreo y metodologías de medición),pendiente de AAO,OCR + revisión estructurada,COM026; COM029,"condición explícita de la Resolución Ministerial 644/2024, desagregada atómicamente",La Resolución no fija en este numeral número de estaciones ni método analítico.
COM029,AAO / Plan de Emergencia,contenido mínimo obligatorio,aire / comunidad; NO2,operación / emergencia,Definir acciones comunitarias vinculadas al umbral de NO2.,NO2,260,µg/m3,ante superación,emergencia,Eleanor Applications S.R.L.,DINACEA,Resolucion-Ministerial-644-2024.pdf,6,776,5.c,acciones hacia la comunidad a ser implementadas en caso de superar el valor en calidad de aire de 260 ug/m3 para NO₂.,pendiente de AAO,OCR + revisión estructurada,COM023; COM026; COM028,"condición explícita de la Resolución Ministerial 644/2024, desagregada atómicamente",El OCR representa la unidad como 'ug/m3'; se normaliza a µg/m3 en columnas de dato. La Resolución no detalla cuáles acciones comunitarias.
COM030,AAO,requisito documental,ruido; Plan de Monitoreo NPS,operación,Diseñar y presentar plan de monitoreo NPS por módulo.,NPS en receptores sensibles,,,primer mes de cada módulo,inicio de operación de cada módulo,Eleanor Applications S.R.L.,DINACEA,Resolucion-Ministerial-644-2024.pdf,6,776,5.d,"El Plan de Monitoreo de NPS en receptores sensibles, para el primer mes de operación de cada módulo.",pendiente de AAO,OCR + revisión estructurada,COM009; COM021,"condición explícita de la Resolución Ministerial 644/2024, desagregada atómicamente",Debe distinguirse del reporte de resultados exigido dentro de 45 días en COM009.
COM031,otros permisos,salvaguarda regulatoria,regulación; permisos y derechos de terceros,todas,Obtener otros permisos/autorizaciones que resulten aplicables.,otros permisos,,,según régimen aplicable,todas,Eleanor Applications S.R.L.,autoridades competentes,Resolucion-Ministerial-644-2024.pdf,6,776,6,"Esta Resolución se dicta en cumplimiento de las normas en que se funda, por lo que es sin perjuicio de otros permisos o autorizaciones y de los derechos que a terceros pudieran corresponder.",vigente,OCR + revisión estructurada,,"condición explícita de la Resolución Ministerial 644/2024, desagregada atómicamente",No identifica cuáles permisos adicionales son necesarios; exige análisis regulatorio complementario.
COM032,requerimiento de autoridad,requerimiento/condición de autoridad,,construcción,"5: *... proyectos de actividades, construcciones u obras, cuya ejecución pueda tener impactos ambientales significativos moderados, cuyos efectos negativos pueden ser eliminados o minimizados mediante la adopción de medidas bien conocidas y fácilmente aplicables.” Por tanto, se deberá presentar la Solicitud de Autorización Ambiental Previa según lo establecido en el Art.",,,,,,DINACEA / Ministerio de Ambiente,,Declaracion-Viabilidad-Ambiental-de-Localizacion-CCP-Eleanor-Applications-S.R.L..pdf,1,,,"5: *... proyectos de actividades, construcciones u obras, cuya ejecución pueda tener impactos ambientales significativos moderados, cuyos efectos negativos pueden ser eliminados o minimizados mediante la adopción de medidas bien conocidas y fácilmente aplicables.” Por tanto, se deberá presentar la Solicitud de Autorización Ambiental Previa según lo establecido en el Art.",condición/requerimiento del expediente; verificar relación con Resolución 644/2024,OCR,,lenguaje explícito de obligación/medida/previsión + término ambiental en la misma unidad textual,Texto obtenido por OCR; verificar visualmente la cita antes de publicación.
COM033,requerimiento de autoridad,requerimiento/condición de autoridad,generadores_combustible; aire_emisiones; social_salud,operación,"El Estudio de Impacto Ambiental deberá analizar la relación entre el proyecto y el medio ambiente, debiendo estudiar con especial atención: + La afectación a la calidad de aire en condiciones normales de operación (derivadas de las tareas de mantenimiento de los generadores), así como evaluar el riesgo de afectación a la salud humana en el área de influencia del proyecto, en situaciones de contingencia (operación de todo el parque de motores proyectado) de acuerdo a los resultados del modelo de dispersión de aire utilizado.",,,,,,DINACEA / Ministerio de Ambiente,,Declaracion-Viabilidad-Ambiental-de-Localizacion-CCP-Eleanor-Applications-S.R.L..pdf,1,,,"El Estudio de Impacto Ambiental deberá analizar la relación entre el proyecto y el medio ambiente, debiendo estudiar con especial atención: + La afectación a la calidad de aire en condiciones normales de operación (derivadas de las tareas de mantenimiento de los generadores), así como evaluar el riesgo de afectación a la salud humana en el área de influencia del proyecto, en situaciones de contingencia (operación de todo el parque de motores proyectado) de acuerdo a los resultados del modelo de dispersión de aire utilizado.",condición/requerimiento del expediente; verificar relación con Resolución 644/2024,OCR,,lenguaje explícito de obligación/medida/previsión + término ambiental en la misma unidad textual,Texto obtenido por OCR; verificar visualmente la cita antes de publicación.
COM034,requerimiento de autoridad,requerimiento/condición de autoridad,agua; aire_emisiones,,"Asimismo se deberá presentar la evaluación de la tecnología seleccionada con las mejores tecnologías disponibles para generadores de emergencia, considerando los niveles de inmisión esperados a partir del modelo de dispersión aplicado. + La gestión de los efluentes derivados del sistema de enfriamiento y su potencial afectación a la calidad de agua del Río de la Plata. + La afectación a los niveles de presión sonora de los receptores ubicados en el entorno del emprendimiento en condiciones normales y en situaciones de contingencia.",,,,,,DINACEA / Ministerio de Ambiente,,Declaracion-Viabilidad-Ambiental-de-Localizacion-CCP-Eleanor-Applications-S.R.L..pdf,1,,,"Asimismo se deberá presentar la evaluación de la tecnología seleccionada con las mejores tecnologías disponibles para generadores de emergencia, considerando los niveles de inmisión esperados a partir del modelo de dispersión aplicado. + La gestión de los efluentes derivados del sistema de enfriamiento y su potencial afectación a la calidad de agua del Río de la Plata. + La afectación a los niveles de presión sonora de los receptores ubicados en el entorno del emprendimiento en condiciones normales y en situaciones de contingencia.",condición/requerimiento del expediente; verificar relación con Resolución 644/2024,OCR,,lenguaje explícito de obligación/medida/previsión + término ambiental en la misma unidad textual,Texto obtenido por OCR; verificar visualmente la cita antes de publicación.
COM035,requerimiento de autoridad,requerimiento/condición de autoridad,,,Se deja constancia que en la evaluación del estudio de impacto ambiental que deberán presentar pueden surgir elementos en cuanto a la profundización de información de algunos aspectos relevantes que podrían resultar limitantes para autorizar el presente proyecto.,,,,,,DINACEA / Ministerio de Ambiente,,Declaracion-Viabilidad-Ambiental-de-Localizacion-CCP-Eleanor-Applications-S.R.L..pdf,2,,,Se deja constancia que en la evaluación del estudio de impacto ambiental que deberán presentar pueden surgir elementos en cuanto a la profundización de información de algunos aspectos relevantes que podrían resultar limitantes para autorizar el presente proyecto.,condición/requerimiento del expediente; verificar relación con Resolución 644/2024,OCR,,lenguaje explícito de obligación/medida/previsión + término ambiental en la misma unidad textual,Texto obtenido por OCR; verificar visualmente la cita antes de publicación.
COM036,documentación del proyecto,previsión/descripcion del proyecto,,,"1.5 UBICACIÓN Y ACCESOS El emprendimiento propuesto se prevé ubicar dentro de Parque de las Ciencias (en adelante PDLC), ubicado en Ruta 101 Km 23,500, en la Ciudad de la Costa del departamento de Canelones (anterior 7ª Sección Catastral del departamento de Canelones).",,,,,,Eleanor Applications S.R.L. / documentación del proponente,DINACEA,DP-Teros-24102023.pdf,7,,,"1.5 UBICACIÓN Y ACCESOS El emprendimiento propuesto se prevé ubicar dentro de Parque de las Ciencias (en adelante PDLC), ubicado en Ruta 101 Km 23,500, en la Ciudad de la Costa del departamento de Canelones (anterior 7ª Sección Catastral del departamento de Canelones).","potencialmente incorporado por referencia por Res. 644/2024, num. 1.a; sujeto a prevalencia de la Resolución",native,,lenguaje explícito de obligación/medida/previsión + término ambiental en la misma unidad textual,
COM037,documentación del proyecto,previsión/descripcion del proyecto,,,"Dentro de PDLC, el emprendimiento propuesto se prevé ubicar en el predio conformado por los padrones suburbanos N°47.763, 47.827, 47.828, 47.829, 47.830, 47.831 y 47.832.",,,,,,Eleanor Applications S.R.L. / documentación del proponente,DINACEA,DP-Teros-24102023.pdf,7,,,"Dentro de PDLC, el emprendimiento propuesto se prevé ubicar en el predio conformado por los padrones suburbanos N°47.763, 47.827, 47.828, 47.829, 47.830, 47.831 y 47.832.","potencialmente incorporado por referencia por Res. 644/2024, num. 1.a; sujeto a prevalencia de la Resolución",native,,lenguaje explícito de obligación/medida/previsión + término ambiental en la misma unidad textual,
COM038,documentación del proyecto,previsión/descripcion del proyecto,,,"1.6 ANTECEDENTES ADMINISTRATIVOS Como se mencionó, el emprendimiento propuesto se prevé ubicar dentro de Parque de las Ciencias, donde se albergan industrias y otros emprendimientos en régimen de zona franca.",,,,,,Eleanor Applications S.R.L. / documentación del proponente,DINACEA,DP-Teros-24102023.pdf,7,,,"1.6 ANTECEDENTES ADMINISTRATIVOS Como se mencionó, el emprendimiento propuesto se prevé ubicar dentro de Parque de las Ciencias, donde se albergan industrias y otros emprendimientos en régimen de zona franca.","potencialmente incorporado por referencia por Res. 644/2024, num. 1.a; sujeto a prevalencia de la Resolución",native,,lenguaje explícito de obligación/medida/previsión + término ambiental en la misma unidad textual,
COM039,documentación del proyecto,referencia regulatoria / criterio técnico,aire_emisiones,,"Este decreto tiene como objetivo la protección del ambiente a través de la prevención de la contaminación del aire, en él se establece los objetivos de calidad de aire, y los valores máximos de emisión para fuentes fijas y móviles.",,,,,,Eleanor Applications S.R.L. / documentación del proponente,DINACEA,DP-Teros-24102023.pdf,13,,,"Este decreto tiene como objetivo la protección del ambiente a través de la prevención de la contaminación del aire, en él se establece los objetivos de calidad de aire, y los valores máximos de emisión para fuentes fijas y móviles.","potencialmente incorporado por referencia por Res. 644/2024, num. 1.a; sujeto a prevalencia de la Resolución",native,,lenguaje explícito de obligación/medida/previsión + término ambiental en la misma unidad textual,La frase puede describir una norma/criterio y no constituir por sí sola un compromiso del proyecto.
COM040,documentación del proyecto,medida/compromiso del proponente,biodiversidad_suelo,,"30 se establece la competencia exclusiva del Gobierno Departamental para la categorización del suelo en el territorio del departamento, que se ejerce mediante los instrumentos de ordenamiento territorial de su ámbito, como Directrices Departamentales, Ordenanzas Departamentales y Planes Locales.",,,,,,Eleanor Applications S.R.L. / documentación del proponente,DINACEA,DP-Teros-24102023.pdf,14,,,"30 se establece la competencia exclusiva del Gobierno Departamental para la categorización del suelo en el territorio del departamento, que se ejerce mediante los instrumentos de ordenamiento territorial de su ámbito, como Directrices Departamentales, Ordenanzas Departamentales y Planes Locales.","potencialmente incorporado por referencia por Res. 644/2024, num. 1.a; sujeto a prevalencia de la Resolución",native,,lenguaje explícito de obligación/medida/previsión + término ambiental en la misma unidad textual,
COM041,documentación del proyecto,medida/compromiso del proponente,,construcción y operación,"DESCRIPCIÓN DEL EMPRENDIMIENTO 3.1 INTRODUCCIÓN El emprendimiento propuesto en su desarrollo global prevé la construcción y operación de un edificio de centro de datos, que se instalará en cuatro etapas, y otras instalaciones auxiliares.",,,,,,Eleanor Applications S.R.L. / documentación del proponente,DINACEA,DP-Teros-24102023.pdf,18,,,"DESCRIPCIÓN DEL EMPRENDIMIENTO 3.1 INTRODUCCIÓN El emprendimiento propuesto en su desarrollo global prevé la construcción y operación de un edificio de centro de datos, que se instalará en cuatro etapas, y otras instalaciones auxiliares.","potencialmente incorporado por referencia por Res. 644/2024, num. 1.a; sujeto a prevalencia de la Resolución",native,,lenguaje explícito de obligación/medida/previsión + término ambiental en la misma unidad textual,
COM042,documentación del proyecto,previsión/descripcion del proyecto,,operación,"Dadas las características operacionales del emprendimiento propuesto, se prevé que su funcionamiento sea ininterrumpido, es decir, funcionará las 24 horas del día, los 365 días del año.",,,,,,Eleanor Applications S.R.L. / documentación del proponente,DINACEA,DP-Teros-24102023.pdf,18,,,"Dadas las características operacionales del emprendimiento propuesto, se prevé que su funcionamiento sea ininterrumpido, es decir, funcionará las 24 horas del día, los 365 días del año.","potencialmente incorporado por referencia por Res. 644/2024, num. 1.a; sujeto a prevalencia de la Resolución",native,,lenguaje explícito de obligación/medida/previsión + término ambiental en la misma unidad textual,
COM043,documentación del proyecto,medida/compromiso del proponente,generadores_combustible,,Los generadores de emergencia operarán con combustible diésel.,,,,,,Eleanor Applications S.R.L. / documentación del proponente,DINACEA,DP-Teros-24102023.pdf,18,,,Los generadores de emergencia operarán con combustible diésel.,"potencialmente incorporado por referencia por Res. 644/2024, num. 1.a; sujeto a prevalencia de la Resolución",native,,lenguaje explícito de obligación/medida/previsión + término ambiental en la misma unidad textual,
COM044,documentación del proyecto,medida/compromiso del proponente,,operación,"Adicionalmente, el titular del proyecto cuenta con amplia experiencia en la planificación de la continuidad de sus operaciones, y contará en todo momento con personal capacitado que responderá rápidamente, minimizando la necesidad del uso de los generadores.",,,,,,Eleanor Applications S.R.L. / documentación del proponente,DINACEA,DP-Teros-24102023.pdf,18,,,"Adicionalmente, el titular del proyecto cuenta con amplia experiencia en la planificación de la continuidad de sus operaciones, y contará en todo momento con personal capacitado que responderá rápidamente, minimizando la necesidad del uso de los generadores.","potencialmente incorporado por referencia por Res. 644/2024, num. 1.a; sujeto a prevalencia de la Resolución",native,,lenguaje explícito de obligación/medida/previsión + término ambiental en la misma unidad textual,
COM045,documentación del proyecto,previsión/descripcion del proyecto,energia,operación,"En base a un análisis del sistema de UTE, su confiabilidad y las mejoras previstas en el marco de este emprendimiento propuesto, se prevé que los cortes de energía de emergencia del sistema de UTE que requieran la operación de generadores ocurran menos de una vez por año.",,,,,,Eleanor Applications S.R.L. / documentación del proponente,DINACEA,DP-Teros-24102023.pdf,18,,,"En base a un análisis del sistema de UTE, su confiabilidad y las mejoras previstas en el marco de este emprendimiento propuesto, se prevé que los cortes de energía de emergencia del sistema de UTE que requieran la operación de generadores ocurran menos de una vez por año.","potencialmente incorporado por referencia por Res. 644/2024, num. 1.a; sujeto a prevalencia de la Resolución",native,,lenguaje explícito de obligación/medida/previsión + término ambiental en la misma unidad textual,
COM046,documentación del proyecto,medida/compromiso del proponente,,,Las alturas máximas que tendrán los edificios y toda infraestructura a instalar en todas las fases del emprendimiento propuesto cumplirán con las regulaciones vigentes de la Intendencia de Canelones.,,,,,,Eleanor Applications S.R.L. / documentación del proponente,DINACEA,DP-Teros-24102023.pdf,19,,,Las alturas máximas que tendrán los edificios y toda infraestructura a instalar en todas las fases del emprendimiento propuesto cumplirán con las regulaciones vigentes de la Intendencia de Canelones.,"potencialmente incorporado por referencia por Res. 644/2024, num. 1.a; sujeto a prevalencia de la Resolución",native,,lenguaje explícito de obligación/medida/previsión + término ambiental en la misma unidad textual,
COM047,documentación del proyecto,medida/compromiso del proponente,energia,operación,Dentro de este edificio se contará con el equipamiento necesario para la distribución de energía eléctrica y el sistema de enfriamiento para mantener el ambiente en las temperaturas de operación requeridas.,,,,,,Eleanor Applications S.R.L. / documentación del proponente,DINACEA,DP-Teros-24102023.pdf,20,,,Dentro de este edificio se contará con el equipamiento necesario para la distribución de energía eléctrica y el sistema de enfriamiento para mantener el ambiente en las temperaturas de operación requeridas.,"potencialmente incorporado por referencia por Res. 644/2024, num. 1.a; sujeto a prevalencia de la Resolución",native,,lenguaje explícito de obligación/medida/previsión + término ambiental en la misma unidad textual,
COM048,documentación del proyecto,medida/compromiso del proponente,,,"Se contará también con instalaciones de servicio para el personal, tales como oficinas, baños, kitchenette y sectores para el acopio temporal de residuos.",,,,,,Eleanor Applications S.R.L. / documentación del proponente,DINACEA,DP-Teros-24102023.pdf,20,,,"Se contará también con instalaciones de servicio para el personal, tales como oficinas, baños, kitchenette y sectores para el acopio temporal de residuos.","potencialmente incorporado por referencia por Res. 644/2024, num. 1.a; sujeto a prevalencia de la Resolución",native,,lenguaje explícito de obligación/medida/previsión + término ambiental en la misma unidad textual,
COM049,documentación del proyecto,medida/compromiso del proponente,,,También operarán en el predio otros sistemas de enfriamiento (y climatización) para funciones secundarias.,,,,,,Eleanor Applications S.R.L. / documentación del proponente,DINACEA,DP-Teros-24102023.pdf,20,,,También operarán en el predio otros sistemas de enfriamiento (y climatización) para funciones secundarias.,"potencialmente incorporado por referencia por Res. 644/2024, num. 1.a; sujeto a prevalencia de la Resolución",native,,lenguaje explícito de obligación/medida/previsión + término ambiental en la misma unidad textual,
COM050,documentación del proyecto,medida/compromiso del proponente,energia,,"Subestación eléctrica El emprendimiento propuesto contará con una subestación de maniobra de 150 kV de UTE, y lindera a ella, se contará también con una subestación propia, ubicadas ambas sobre el lateral Este del predio.",,,,,,Eleanor Applications S.R.L. / documentación del proponente,DINACEA,DP-Teros-24102023.pdf,20,,,"Subestación eléctrica El emprendimiento propuesto contará con una subestación de maniobra de 150 kV de UTE, y lindera a ella, se contará también con una subestación propia, ubicadas ambas sobre el lateral Este del predio.","potencialmente incorporado por referencia por Res. 644/2024, num. 1.a; sujeto a prevalencia de la Resolución",native,,lenguaje explícito de obligación/medida/previsión + término ambiental en la misma unidad textual,
COM051,documentación del proyecto,medida/compromiso del proponente,energia,,"Este sector incluirá las conexiones eléctricas tanto para el suministro de energía desde la subestación, como desde los generadores de emergencia.",,,,,,Eleanor Applications S.R.L. / documentación del proponente,DINACEA,DP-Teros-24102023.pdf,20,,,"Este sector incluirá las conexiones eléctricas tanto para el suministro de energía desde la subestación, como desde los generadores de emergencia.","potencialmente incorporado por referencia por Res. 644/2024, num. 1.a; sujeto a prevalencia de la Resolución",native,,lenguaje explícito de obligación/medida/previsión + término ambiental en la misma unidad textual,
COM052,documentación del proyecto,medida/compromiso del proponente,aire_emisiones,,Habrá generadores ubicados en el patio eléctrico que contarán con chimenea para el escape de los gases de combustión.,,,,,,Eleanor Applications S.R.L. / documentación del proponente,DINACEA,DP-Teros-24102023.pdf,21,,,Habrá generadores ubicados en el patio eléctrico que contarán con chimenea para el escape de los gases de combustión.,"potencialmente incorporado por referencia por Res. 644/2024, num. 1.a; sujeto a prevalencia de la Resolución",native,,lenguaje explícito de obligación/medida/previsión + término ambiental en la misma unidad textual,
COM053,documentación del proyecto,medida/compromiso del proponente,,,"Se contará con generadores de emergencia en el patio mecánico, que permitirán el funcionamiento de todos los componentes del sistema de enfriamiento aún ante cortes en el suministro eléctrico.",,,,,,Eleanor Applications S.R.L. / documentación del proponente,DINACEA,DP-Teros-24102023.pdf,21,,,"Se contará con generadores de emergencia en el patio mecánico, que permitirán el funcionamiento de todos los componentes del sistema de enfriamiento aún ante cortes en el suministro eléctrico.","potencialmente incorporado por referencia por Res. 644/2024, num. 1.a; sujeto a prevalencia de la Resolución",native,,lenguaje explícito de obligación/medida/previsión + término ambiental en la misma unidad textual,
COM054,documentación del proyecto,medida/compromiso del proponente,aire_emisiones,,Cada uno contará con una chimenea para el escape de los gases de combustión.,,,,,,Eleanor Applications S.R.L. / documentación del proponente,DINACEA,DP-Teros-24102023.pdf,21,,,Cada uno contará con una chimenea para el escape de los gases de combustión.,"potencialmente incorporado por referencia por Res. 644/2024, num. 1.a; sujeto a prevalencia de la Resolución",native,,lenguaje explícito de obligación/medida/previsión + término ambiental en la misma unidad textual,
COM055,documentación del proyecto,medida/compromiso del proponente,energia,,"De forma análoga a los patios eléctricos, los patios mecánicos contarán con la conexión al suministro eléctrico tanto desde la subestación eléctrica como desde los generadores de emergencia.",,,,,,Eleanor Applications S.R.L. / documentación del proponente,DINACEA,DP-Teros-24102023.pdf,21,,,"De forma análoga a los patios eléctricos, los patios mecánicos contarán con la conexión al suministro eléctrico tanto desde la subestación eléctrica como desde los generadores de emergencia.","potencialmente incorporado por referencia por Res. 644/2024, num. 1.a; sujeto a prevalencia de la Resolución",native,,lenguaje explícito de obligación/medida/previsión + término ambiental en la misma unidad textual,
COM056,documentación del proyecto,medida/compromiso del proponente,energia,,Este edificio contará además con servicios de distribución de energía eléctrica y enfriamiento para el equipamiento de telecomunicaciones.,,,,,,Eleanor Applications S.R.L. / documentación del proponente,DINACEA,DP-Teros-24102023.pdf,21,,,Este edificio contará además con servicios de distribución de energía eléctrica y enfriamiento para el equipamiento de telecomunicaciones.,"potencialmente incorporado por referencia por Res. 644/2024, num. 1.a; sujeto a prevalencia de la Resolución",native,,lenguaje explícito de obligación/medida/previsión + término ambiental en la misma unidad textual,
COM057,documentación del proyecto,medida/compromiso del proponente,,,"Edificio de administración El emprendimiento propuesto contará con una edificación enteramente dedicada a albergar las labores administrativas que incluirá un comedor, baños, oficinas y salas de reuniones.",,,,,,Eleanor Applications S.R.L. / documentación del proponente,DINACEA,DP-Teros-24102023.pdf,21,,,"Edificio de administración El emprendimiento propuesto contará con una edificación enteramente dedicada a albergar las labores administrativas que incluirá un comedor, baños, oficinas y salas de reuniones.","potencialmente incorporado por referencia por Res. 644/2024, num. 1.a; sujeto a prevalencia de la Resolución",native,,lenguaje explícito de obligación/medida/previsión + término ambiental en la misma unidad textual,
COM058,documentación del proyecto,medida/compromiso del proponente,generadores_combustible,,"Contará con un pequeño generador eléctrico de respaldo en caso de emergencia, y con plazas de estacionamiento anexas al edificio.",,,,,,Eleanor Applications S.R.L. / documentación del proponente,DINACEA,DP-Teros-24102023.pdf,21,,,"Contará con un pequeño generador eléctrico de respaldo en caso de emergencia, y con plazas de estacionamiento anexas al edificio.","potencialmente incorporado por referencia por Res. 644/2024, num. 1.a; sujeto a prevalencia de la Resolución",native,,lenguaje explícito de obligación/medida/previsión + término ambiental en la misma unidad textual,
COM059,documentación del proyecto,medida/compromiso del proponente,efluentes,,"Aguas residuales industriales Las aguas residuales industriales se generarán en actividades de mantenimiento programadas en el sistema de ciclo cerrado de enfriamiento, o por roturas de válvulas, sellos, etc., en este sistema.",,,,,,Eleanor Applications S.R.L. / documentación del proponente,DINACEA,DP-Teros-24102023.pdf,22,,,"Aguas residuales industriales Las aguas residuales industriales se generarán en actividades de mantenimiento programadas en el sistema de ciclo cerrado de enfriamiento, o por roturas de válvulas, sellos, etc., en este sistema.","potencialmente incorporado por referencia por Res. 644/2024, num. 1.a; sujeto a prevalencia de la Resolución",native,,lenguaje explícito de obligación/medida/previsión + término ambiental en la misma unidad textual,
COM060,documentación del proyecto,medida/compromiso del proponente,,,"Drenajes y lagunas de amortiguación Se contará con un sistema de captación y conducción de aguas pluviales mediante tuberías y cunetas hasta dos lagunas de amortiguación previstas en el predio, una junto al límite Norte del predio y la otra junto al límite Sur.",,,,,,Eleanor Applications S.R.L. / documentación del proponente,DINACEA,DP-Teros-24102023.pdf,22,,,"Drenajes y lagunas de amortiguación Se contará con un sistema de captación y conducción de aguas pluviales mediante tuberías y cunetas hasta dos lagunas de amortiguación previstas en el predio, una junto al límite Norte del predio y la otra junto al límite Sur.","potencialmente incorporado por referencia por Res. 644/2024, num. 1.a; sujeto a prevalencia de la Resolución",native,,lenguaje explícito de obligación/medida/previsión + término ambiental en la misma unidad textual,
COM061,documentación del proyecto,medida/compromiso del proponente,energia,,"El sistema eléctrico contará con salas de media tensión que funcionarán como interfaz, recibiendo la energía eléctrica de la subestación eléctrica y distribuyéndola a los sitios de distribución que alimentarán los servidores dentro de los centros de datos.",,,,,,Eleanor Applications S.R.L. / documentación del proponente,DINACEA,DP-Teros-24102023.pdf,23,,,"El sistema eléctrico contará con salas de media tensión que funcionarán como interfaz, recibiendo la energía eléctrica de la subestación eléctrica y distribuyéndola a los sitios de distribución que alimentarán los servidores dentro de los centros de datos.","potencialmente incorporado por referencia por Res. 644/2024, num. 1.a; sujeto a prevalencia de la Resolución",native,,lenguaje explícito de obligación/medida/previsión + término ambiental en la misma unidad textual,
COM062,documentación del proyecto,medida/compromiso del proponente,generadores_combustible,,Todas las áreas de carga de combustible para los generadores de emergencia contarán con regueras con rejilla ubicadas debajo de los puntos de carga de combustible.,,,,,,Eleanor Applications S.R.L. / documentación del proponente,DINACEA,DP-Teros-24102023.pdf,23,,,Todas las áreas de carga de combustible para los generadores de emergencia contarán con regueras con rejilla ubicadas debajo de los puntos de carga de combustible.,"potencialmente incorporado por referencia por Res. 644/2024, num. 1.a; sujeto a prevalencia de la Resolución",native,,lenguaje explícito de obligación/medida/previsión + término ambiental en la misma unidad textual,
COM063,documentación del proyecto,medida/compromiso del proponente,generadores_combustible,,"Estas regueras drenarán a un separador de hidrocarburos (con alarmas de nivel alto de aceite), el cual contará con capacidad suficiente para contener el volumen completo de una sección del camión cisterna de transporte de combustible.",,,,,,Eleanor Applications S.R.L. / documentación del proponente,DINACEA,DP-Teros-24102023.pdf,23,,,"Estas regueras drenarán a un separador de hidrocarburos (con alarmas de nivel alto de aceite), el cual contará con capacidad suficiente para contener el volumen completo de una sección del camión cisterna de transporte de combustible.","potencialmente incorporado por referencia por Res. 644/2024, num. 1.a; sujeto a prevalencia de la Resolución",native,,lenguaje explícito de obligación/medida/previsión + término ambiental en la misma unidad textual,
COM064,documentación del proyecto,previsión/descripcion del proyecto,biodiversidad_suelo,,"Una vez terminadas las obras, se prevé un Factor de Ocupación del Suelo (en adelante FOS) del 7,4% y un Factor de Ocupación de Suelo Verde del 69,3%.",,,,,,Eleanor Applications S.R.L. / documentación del proponente,DINACEA,DP-Teros-24102023.pdf,24,,,"Una vez terminadas las obras, se prevé un Factor de Ocupación del Suelo (en adelante FOS) del 7,4% y un Factor de Ocupación de Suelo Verde del 69,3%.","potencialmente incorporado por referencia por Res. 644/2024, num. 1.a; sujeto a prevalencia de la Resolución",native,,lenguaje explícito de obligación/medida/previsión + término ambiental en la misma unidad textual,
COM065,documentación del proyecto,medida/compromiso del proponente,,,"Dentro del alcance del emprendimiento propuesto, se interconectará el edificio de centro de datos y sus servicios asociados con la infraestructura de la zona franca de PDLC mencionada anteriormente, y se realizarán además todas las tareas de acondicionamiento final del predio, con la pavimentación de calles, sendas de circulación peatonal y áreas verdes, entre otras.",,,,,,Eleanor Applications S.R.L. / documentación del proponente,DINACEA,DP-Teros-24102023.pdf,25,,,"Dentro del alcance del emprendimiento propuesto, se interconectará el edificio de centro de datos y sus servicios asociados con la infraestructura de la zona franca de PDLC mencionada anteriormente, y se realizarán además todas las tareas de acondicionamiento final del predio, con la pavimentación de calles, sendas de circulación peatonal y áreas verdes, entre otras.","potencialmente incorporado por referencia por Res. 644/2024, num. 1.a; sujeto a prevalencia de la Resolución",native,,lenguaje explícito de obligación/medida/previsión + término ambiental en la misma unidad textual,
COM066,documentación del proyecto,previsión/descripcion del proyecto,,,"Para las obras de instalación de la línea de impulsión de los efluentes asimilables a domésticos a la PTAR de PDLC se prevé una duración de aproximadamente 9 meses, y 2 meses más para el comisionamiento.",,,,,,Eleanor Applications S.R.L. / documentación del proponente,DINACEA,DP-Teros-24102023.pdf,26,,,"Para las obras de instalación de la línea de impulsión de los efluentes asimilables a domésticos a la PTAR de PDLC se prevé una duración de aproximadamente 9 meses, y 2 meses más para el comisionamiento.","potencialmente incorporado por referencia por Res. 644/2024, num. 1.a; sujeto a prevalencia de la Resolución",native,,lenguaje explícito de obligación/medida/previsión + término ambiental en la misma unidad textual,
COM067,documentación del proyecto,medida/compromiso del proponente,biodiversidad_suelo,,Se realizarán movimientos de suelo menores en el marco del emprendimiento en estudio para el ajuste fino de los niveles del terreno.,,,,,,Eleanor Applications S.R.L. / documentación del proponente,DINACEA,DP-Teros-24102023.pdf,29,,,Se realizarán movimientos de suelo menores en el marco del emprendimiento en estudio para el ajuste fino de los niveles del terreno.,"potencialmente incorporado por referencia por Res. 644/2024, num. 1.a; sujeto a prevalencia de la Resolución",native,,lenguaje explícito de obligación/medida/previsión + término ambiental en la misma unidad textual,
COM068,documentación del proyecto,medida/compromiso del proponente,generadores_combustible,,"Los trabajos mecánicos que se desarrollarán son los siguientes:  Instalación del equipamiento eléctrico para soportar el sistema de enfriamiento y la carga de los centros de datos.  Montaje de generadores de emergencia, con su respectivo depósito de combustible integrado y cañerías y válvulas necesarias para distribuir y abastecer el combustible a los generadores de emergencia.",,,,,,Eleanor Applications S.R.L. / documentación del proponente,DINACEA,DP-Teros-24102023.pdf,30,,,"Los trabajos mecánicos que se desarrollarán son los siguientes:  Instalación del equipamiento eléctrico para soportar el sistema de enfriamiento y la carga de los centros de datos.  Montaje de generadores de emergencia, con su respectivo depósito de combustible integrado y cañerías y válvulas necesarias para distribuir y abastecer el combustible a los generadores de emergencia.","potencialmente incorporado por referencia por Res. 644/2024, num. 1.a; sujeto a prevalencia de la Resolución",native,,lenguaje explícito de obligación/medida/previsión + término ambiental en la misma unidad textual,
COM069,documentación del proyecto,medida/compromiso del proponente,,,El montaje o instalación de las diferentes obras y equipos serán realizados por medio de grúas que cumplirán con los criterios de restricción de altura máxima impuestos por la DINACIA para esta actividad.,,,,,,Eleanor Applications S.R.L. / documentación del proponente,DINACEA,DP-Teros-24102023.pdf,30,,,El montaje o instalación de las diferentes obras y equipos serán realizados por medio de grúas que cumplirán con los criterios de restricción de altura máxima impuestos por la DINACIA para esta actividad.,"potencialmente incorporado por referencia por Res. 644/2024, num. 1.a; sujeto a prevalencia de la Resolución",native,,lenguaje explícito de obligación/medida/previsión + término ambiental en la misma unidad textual,
COM070,documentación del proyecto,medida/compromiso del proponente,agua,,"En esta instancia se acondicionarán los sistemas y se realizarán pruebas para asegurar el correcto funcionamiento de las obras y equipamiento, del abastecimiento eléctrico, del sistema de enfriamiento, de los generadores de emergencia y de toda la infraestructura crítica asociada.",,,,,,Eleanor Applications S.R.L. / documentación del proponente,DINACEA,DP-Teros-24102023.pdf,30,,,"En esta instancia se acondicionarán los sistemas y se realizarán pruebas para asegurar el correcto funcionamiento de las obras y equipamiento, del abastecimiento eléctrico, del sistema de enfriamiento, de los generadores de emergencia y de toda la infraestructura crítica asociada.","potencialmente incorporado por referencia por Res. 644/2024, num. 1.a; sujeto a prevalencia de la Resolución",native,,lenguaje explícito de obligación/medida/previsión + término ambiental en la misma unidad textual,
COM071,documentación del proyecto,medida/compromiso del proponente,aire_emisiones; mitigacion_monitoreo,,"Asimismo, se instalará señalética para el control de la velocidad en el interior del sitio y con el fin de mantener controladas las emisiones de material particulado, generadas por estas actividades.",,,,,,Eleanor Applications S.R.L. / documentación del proponente,DINACEA,DP-Teros-24102023.pdf,31,,,"Asimismo, se instalará señalética para el control de la velocidad en el interior del sitio y con el fin de mantener controladas las emisiones de material particulado, generadas por estas actividades.","potencialmente incorporado por referencia por Res. 644/2024, num. 1.a; sujeto a prevalencia de la Resolución",native,,lenguaje explícito de obligación/medida/previsión + término ambiental en la misma unidad textual,
COM072,documentación del proyecto,medida/compromiso del proponente,,construcción,Depósito de insumos químicos Se construirá un depósito para el almacenamiento de insumos químicos.,,,,,,Eleanor Applications S.R.L. / documentación del proponente,DINACEA,DP-Teros-24102023.pdf,31,,,Depósito de insumos químicos Se construirá un depósito para el almacenamiento de insumos químicos.,"potencialmente incorporado por referencia por Res. 644/2024, num. 1.a; sujeto a prevalencia de la Resolución",native,,lenguaje explícito de obligación/medida/previsión + término ambiental en la misma unidad textual,
COM073,documentación del proyecto,previsión/descripcion del proyecto,,,"Del personal total empleado, se prevé un máximo del 25 % de personal de origen extranjero, siendo el restante 75 % mayoritariamente proveniente de Montevideo y localidades cercanas.",,,,,,Eleanor Applications S.R.L. / documentación del proponente,DINACEA,DP-Teros-24102023.pdf,32,,,"Del personal total empleado, se prevé un máximo del 25 % de personal de origen extranjero, siendo el restante 75 % mayoritariamente proveniente de Montevideo y localidades cercanas.","potencialmente incorporado por referencia por Res. 644/2024, num. 1.a; sujeto a prevalencia de la Resolución",native,,lenguaje explícito de obligación/medida/previsión + término ambiental en la misma unidad textual,
COM074,documentación del proyecto,previsión/descripcion del proyecto,generadores_combustible,,Para esta fase no se prevé el almacenamiento de combustible.,,,,,,Eleanor Applications S.R.L. / documentación del proponente,DINACEA,DP-Teros-24102023.pdf,33,,,Para esta fase no se prevé el almacenamiento de combustible.,"potencialmente incorporado por referencia por Res. 644/2024, num. 1.a; sujeto a prevalencia de la Resolución",native,,lenguaje explícito de obligación/medida/previsión + término ambiental en la misma unidad textual,
COM075,documentación del proyecto,previsión/descripcion del proyecto,mitigacion_monitoreo,,"En las siguientes secciones se presentan los aspectos ambientales identificados, y se caracterizan los mismos, indicando para cada uno de ellos las medidas de gestión que se prevén durante la etapa de diseño del emprendimiento propuesto, no obstante, las medidas de gestión, mitigación o compensación que pudieran surgir del análisis ambiental se presentan en el Estudio de Impacto Ambiental del emprendimiento propuesto.",,,,,,Eleanor Applications S.R.L. / documentación del proponente,DINACEA,DP-Teros-24102023.pdf,34,,,"En las siguientes secciones se presentan los aspectos ambientales identificados, y se caracterizan los mismos, indicando para cada uno de ellos las medidas de gestión que se prevén durante la etapa de diseño del emprendimiento propuesto, no obstante, las medidas de gestión, mitigación o compensación que pudieran surgir del análisis ambiental se presentan en el Estudio de Impacto Ambiental del emprendimiento propuesto.","potencialmente incorporado por referencia por Res. 644/2024, num. 1.a; sujeto a prevalencia de la Resolución",native,,lenguaje explícito de obligación/medida/previsión + término ambiental en la misma unidad textual,
COM076,documentación del proyecto,medida/compromiso del proponente,luz_paisaje,,"Se utilizarán dos torres grúa que se transportarán a lo largo de carriles, según el grado de avance de las obras, lo que supondrá un elemento adicional en el paisaje usual del sitio.",,,,,,Eleanor Applications S.R.L. / documentación del proponente,DINACEA,DP-Teros-24102023.pdf,35,,,"Se utilizarán dos torres grúa que se transportarán a lo largo de carriles, según el grado de avance de las obras, lo que supondrá un elemento adicional en el paisaje usual del sitio.","potencialmente incorporado por referencia por Res. 644/2024, num. 1.a; sujeto a prevalencia de la Resolución",native,,lenguaje explícito de obligación/medida/previsión + término ambiental en la misma unidad textual,
COM077,documentación del proyecto,medida/compromiso del proponente,,construcción,"Residuos sólidos En la fase de construcción del emprendimiento propuesto se generarán a causa de las obras anteriormente descritas residuos categoría I y categoría II, como se indica en las tablas siguientes.",,,,,,Eleanor Applications S.R.L. / documentación del proponente,DINACEA,DP-Teros-24102023.pdf,35,,,"Residuos sólidos En la fase de construcción del emprendimiento propuesto se generarán a causa de las obras anteriormente descritas residuos categoría I y categoría II, como se indica en las tablas siguientes.","potencialmente incorporado por referencia por Res. 644/2024, num. 1.a; sujeto a prevalencia de la Resolución",native,,lenguaje explícito de obligación/medida/previsión + término ambiental en la misma unidad textual,
COM078,documentación del proyecto,medida/compromiso del proponente,,,"Obrador (oficinas, SSHH, comedor, etc.) y frente de obra Sitio de disposición final municipal 1,5 Plásticos limpios Empaques y embalaje de equipamiento (film, flejes, nylon, etc.) Obradores y frente de obra Empresas autorizadas para su valorización 0,5 *No se consideran residuos de excavación porque los mismos quedan comprendidos en la autorización ambiental solicitada para la ampliación de PDLC. **Cuando finalice la obra civil, ya no se generará este tipo de residuos.",,,,,,Eleanor Applications S.R.L. / documentación del proponente,DINACEA,DP-Teros-24102023.pdf,36,,,"Obrador (oficinas, SSHH, comedor, etc.) y frente de obra Sitio de disposición final municipal 1,5 Plásticos limpios Empaques y embalaje de equipamiento (film, flejes, nylon, etc.) Obradores y frente de obra Empresas autorizadas para su valorización 0,5 *No se consideran residuos de excavación porque los mismos quedan comprendidos en la autorización ambiental solicitada para la ampliación de PDLC. **Cuando finalice la obra civil, ya no se generará este tipo de residuos.","potencialmente incorporado por referencia por Res. 644/2024, num. 1.a; sujeto a prevalencia de la Resolución",native,,lenguaje explícito de obligación/medida/previsión + término ambiental en la misma unidad textual,
COM079,documentación del proyecto,medida/compromiso del proponente,residuos,,"32 Tipo de residuo Descripción del residuo Área de proceso o generación Tipo de gestión Tasa de generación (m3/mes) generadas durante el mantenimiento de maquinaria maestros autorizados por DINACEA Hidrocarburos* Aceites y lubricantes usados Taller de maquinaria durante recambio de aceites y lubricantes Empresa gestora residuos CAT I autorizada por DINACEA 0,25 Residuos contaminados con hidrocarburos u otros insumos químicos* Trapos, papeles, suelos, materiales de contención de derrames, elementos de protección personal contaminados con hidrocarburos u otros insumos químicos Taller de maquinaria y obradores Empresa gestora residuos CAT I autorizada por DINACEA 0,5 Envases plásticos contaminados* Envases plásticos que contuvieron hidrocarburos o insumos químicos Taller de maquinaria y obradores Empresa gestora residuos CAT I autorizada por DINACEA 0,075 Envases metálicos contaminados* Envases metálicos que contuvieron hidrocarburos o insumos químicos Taller de maquinaria y obradores Empresa gestora residuos CAT I autorizada por DINACEA 0,05 Tubos y lámparas fluorescentes Tubos y lámparas fluorescentes Recambio en áreas administrativas y de servicio de obrador Empresa gestora residuos CAT I autorizada por DINACEA 0,025 *Cuando finalice la obra civil, ya no se generará este tipo de residuos.",,,,,,Eleanor Applications S.R.L. / documentación del proponente,DINACEA,DP-Teros-24102023.pdf,37,,,"32 Tipo de residuo Descripción del residuo Área de proceso o generación Tipo de gestión Tasa de generación (m3/mes) generadas durante el mantenimiento de maquinaria maestros autorizados por DINACEA Hidrocarburos* Aceites y lubricantes usados Taller de maquinaria durante recambio de aceites y lubricantes Empresa gestora residuos CAT I autorizada por DINACEA 0,25 Residuos contaminados con hidrocarburos u otros insumos químicos* Trapos, papeles, suelos, materiales de contención de derrames, elementos de protección personal contaminados con hidrocarburos u otros insumos químicos Taller de maquinaria y obradores Empresa gestora residuos CAT I autorizada por DINACEA 0,5 Envases plásticos contaminados* Envases plásticos que contuvieron hidrocarburos o insumos químicos Taller de maquinaria y obradores Empresa gestora residuos CAT I autorizada por DINACEA 0,075 Envases metálicos contaminados* Envases metálicos que contuvieron hidrocarburos o insumos químicos Taller de maquinaria y obradores Empresa gestora residuos CAT I autorizada por DINACEA 0,05 Tubos y lámparas fluorescentes Tubos y lámparas fluorescentes Recambio en áreas administrativas y de servicio de obrador Empresa gestora residuos CAT I autorizada por DINACEA 0,025 *Cuando finalice la obra civil, ya no se generará este tipo de residuos.","potencialmente incorporado por referencia por Res. 644/2024, num. 1.a; sujeto a prevalencia de la Resolución",native,,lenguaje explícito de obligación/medida/previsión + término ambiental en la misma unidad textual,
COM080,documentación del proyecto,medida/compromiso del proponente,efluentes,,Aguas residuales Aguas residuales del lavado de camiones mixer Se generarán aguas residuales del lavado de la media caña de descarga de los camiones mixer (hormigones premezclados).,,,,,,Eleanor Applications S.R.L. / documentación del proponente,DINACEA,DP-Teros-24102023.pdf,37,,,Aguas residuales Aguas residuales del lavado de camiones mixer Se generarán aguas residuales del lavado de la media caña de descarga de los camiones mixer (hormigones premezclados).,"potencialmente incorporado por referencia por Res. 644/2024, num. 1.a; sujeto a prevalencia de la Resolución",native,,lenguaje explícito de obligación/medida/previsión + término ambiental en la misma unidad textual,
COM081,documentación del proyecto,previsión/descripcion del proyecto,efluentes,,"Dada la concentración de productos químicos y su tasa de generación este efluente no se puede conducir directamente a la PTAR de PDLC, por lo que se prevé el alquiler de camiones cisterna o “frac tanks” para su almacenamiento y posterior traslado a un gestor autorizado.",,,,,,Eleanor Applications S.R.L. / documentación del proponente,DINACEA,DP-Teros-24102023.pdf,38,,,"Dada la concentración de productos químicos y su tasa de generación este efluente no se puede conducir directamente a la PTAR de PDLC, por lo que se prevé el alquiler de camiones cisterna o “frac tanks” para su almacenamiento y posterior traslado a un gestor autorizado.","potencialmente incorporado por referencia por Res. 644/2024, num. 1.a; sujeto a prevalencia de la Resolución",native,,lenguaje explícito de obligación/medida/previsión + término ambiental en la misma unidad textual,
COM082,documentación del proyecto,medida/compromiso del proponente,,,"En los obradores se contará con servicios higiénicos que derivarán sus efluentes a un depósito impermeable, el cual será vaciado regularmente por un camión barométrico debidamente habilitado.",,,,,,Eleanor Applications S.R.L. / documentación del proponente,DINACEA,DP-Teros-24102023.pdf,38,,,"En los obradores se contará con servicios higiénicos que derivarán sus efluentes a un depósito impermeable, el cual será vaciado regularmente por un camión barométrico debidamente habilitado.","potencialmente incorporado por referencia por Res. 644/2024, num. 1.a; sujeto a prevalencia de la Resolución",native,,lenguaje explícito de obligación/medida/previsión + término ambiental en la misma unidad textual,
COM083,documentación del proyecto,medida/compromiso del proponente,,construcción,Esta infraestructura es la que se utilizará durante la fase de construcción para la gestión de pluviales del emprendimiento propuesto.,,,,,,Eleanor Applications S.R.L. / documentación del proponente,DINACEA,DP-Teros-24102023.pdf,39,,,Esta infraestructura es la que se utilizará durante la fase de construcción para la gestión de pluviales del emprendimiento propuesto.,"potencialmente incorporado por referencia por Res. 644/2024, num. 1.a; sujeto a prevalencia de la Resolución",native,,lenguaje explícito de obligación/medida/previsión + término ambiental en la misma unidad textual,
COM084,documentación del proyecto,medida/compromiso del proponente,,,"Dentro de las áreas destinadas a obrador se contará con depósitos adecuados, atendiendo las siguientes características de diseño; piso y cerramiento superior impermeable, ventilación adecuada, cercamiento perimetral y contención de derrames.",,,,,,Eleanor Applications S.R.L. / documentación del proponente,DINACEA,DP-Teros-24102023.pdf,42,,,"Dentro de las áreas destinadas a obrador se contará con depósitos adecuados, atendiendo las siguientes características de diseño; piso y cerramiento superior impermeable, ventilación adecuada, cercamiento perimetral y contención de derrames.","potencialmente incorporado por referencia por Res. 644/2024, num. 1.a; sujeto a prevalencia de la Resolución",native,,lenguaje explícito de obligación/medida/previsión + término ambiental en la misma unidad textual,
COM085,documentación del proyecto,medida/compromiso del proponente,,,"El emprendimiento propuesto también contará con instalaciones de apoyo, donde se desarrollarán actividades propias de oficinas de trabajo, salas de reuniones, área de alimentación, aseo, entre otras actividades necesarias para su correcto funcionamiento.",,,,,,Eleanor Applications S.R.L. / documentación del proponente,DINACEA,DP-Teros-24102023.pdf,45,,,"El emprendimiento propuesto también contará con instalaciones de apoyo, donde se desarrollarán actividades propias de oficinas de trabajo, salas de reuniones, área de alimentación, aseo, entre otras actividades necesarias para su correcto funcionamiento.","potencialmente incorporado por referencia por Res. 644/2024, num. 1.a; sujeto a prevalencia de la Resolución",native,,lenguaje explícito de obligación/medida/previsión + término ambiental en la misma unidad textual,
COM086,documentación del proyecto,medida/compromiso del proponente,agua; energia,construcción y operación,"La fuente de abastecimiento durante la operación normal será la subestación eléctrica construida en el predio y, en caso de que los circuitos de transmisión que provienen desde la subestación de UTE fallen o requieran tareas de mantenimiento, se contará con generadores de emergencia.",,,,,,Eleanor Applications S.R.L. / documentación del proponente,DINACEA,DP-Teros-24102023.pdf,45,,,"La fuente de abastecimiento durante la operación normal será la subestación eléctrica construida en el predio y, en caso de que los circuitos de transmisión que provienen desde la subestación de UTE fallen o requieran tareas de mantenimiento, se contará con generadores de emergencia.","potencialmente incorporado por referencia por Res. 644/2024, num. 1.a; sujeto a prevalencia de la Resolución",native,,lenguaje explícito de obligación/medida/previsión + término ambiental en la misma unidad textual,
COM087,documentación del proyecto,medida/compromiso del proponente,energia; mitigacion_monitoreo,,"Se contará con un sistema de control automático que permitirá enviar la energía desde la subestación eléctrica o desde los generadores de emergencia, en caso de necesidad.",,,,,,Eleanor Applications S.R.L. / documentación del proponente,DINACEA,DP-Teros-24102023.pdf,45,,,"Se contará con un sistema de control automático que permitirá enviar la energía desde la subestación eléctrica o desde los generadores de emergencia, en caso de necesidad.","potencialmente incorporado por referencia por Res. 644/2024, num. 1.a; sujeto a prevalencia de la Resolución",native,,lenguaje explícito de obligación/medida/previsión + término ambiental en la misma unidad textual,
COM088,documentación del proyecto,medida/compromiso del proponente,agua,,"41  Limpieza general de todas las instalaciones contenidas en los centros de datos.  Inspección de las instalaciones eléctricas del edificio de centro de datos, chequeo de tableros, limpieza general de los componentes y sustitución de los elementos en mal estado o con daño.  Revisión general del sistema de baterías.  Revisión de los sistemas de climatización, en la cual se lavarán o cambiarán los filtros de aire.  Inspección de las estructuras metálicas ubicadas en el centro de datos, tales como escaleras, pasarelas, ascensores, etc.  Revisión de cubiertas, canales y bajadas de agua, en el caso de existir filtraciones, se realizará el cambio de los equipos o instalaciones dañadas.  Inspección de los transformadores, lo cual incluirá revisión de parámetros de diseño, ventilación, etc.  Mantenimiento regular de las áreas exteriores de equipamiento mecánico.  Mantenimiento regular de las áreas exteriores de equipamiento eléctrico.",,,,,,Eleanor Applications S.R.L. / documentación del proponente,DINACEA,DP-Teros-24102023.pdf,46,,,"41  Limpieza general de todas las instalaciones contenidas en los centros de datos.  Inspección de las instalaciones eléctricas del edificio de centro de datos, chequeo de tableros, limpieza general de los componentes y sustitución de los elementos en mal estado o con daño.  Revisión general del sistema de baterías.  Revisión de los sistemas de climatización, en la cual se lavarán o cambiarán los filtros de aire.  Inspección de las estructuras metálicas ubicadas en el centro de datos, tales como escaleras, pasarelas, ascensores, etc.  Revisión de cubiertas, canales y bajadas de agua, en el caso de existir filtraciones, se realizará el cambio de los equipos o instalaciones dañadas.  Inspección de los transformadores, lo cual incluirá revisión de parámetros de diseño, ventilación, etc.  Mantenimiento regular de las áreas exteriores de equipamiento mecánico.  Mantenimiento regular de las áreas exteriores de equipamiento eléctrico.","potencialmente incorporado por referencia por Res. 644/2024, num. 1.a; sujeto a prevalencia de la Resolución",native,,lenguaje explícito de obligación/medida/previsión + término ambiental en la misma unidad textual,
COM089,documentación del proyecto,medida/compromiso del proponente,,,"Se define que el mantenimiento de los generadores se realizará con una frecuencia mensual y consiste en ponerlos en funcionamiento durante 30 minutos, aproximadamente.",,,,,,Eleanor Applications S.R.L. / documentación del proponente,DINACEA,DP-Teros-24102023.pdf,46,,,"Se define que el mantenimiento de los generadores se realizará con una frecuencia mensual y consiste en ponerlos en funcionamiento durante 30 minutos, aproximadamente.","potencialmente incorporado por referencia por Res. 644/2024, num. 1.a; sujeto a prevalencia de la Resolución",native,,lenguaje explícito de obligación/medida/previsión + término ambiental en la misma unidad textual,
COM090,documentación del proyecto,previsión/descripcion del proyecto,,,"Se prevé que los generadores no se operen en simultáneo, sino que se operen de a uno por vez, y dentro del horario diurno.",,,,,,Eleanor Applications S.R.L. / documentación del proponente,DINACEA,DP-Teros-24102023.pdf,46,,,"Se prevé que los generadores no se operen en simultáneo, sino que se operen de a uno por vez, y dentro del horario diurno.","potencialmente incorporado por referencia por Res. 644/2024, num. 1.a; sujeto a prevalencia de la Resolución",native,,lenguaje explícito de obligación/medida/previsión + término ambiental en la misma unidad textual,
COM091,documentación del proyecto,medida/compromiso del proponente,agua; generadores_combustible,,"El proceso de abastecimiento y distribución de combustible se realizará en la zona de abastecimiento ubicada en el patio eléctrico y mecánico, de manera separada, la cual distribuirá a cada generador eléctrico por medio de tuberías, válvulas y bombas.",,,,,,Eleanor Applications S.R.L. / documentación del proponente,DINACEA,DP-Teros-24102023.pdf,46,,,"El proceso de abastecimiento y distribución de combustible se realizará en la zona de abastecimiento ubicada en el patio eléctrico y mecánico, de manera separada, la cual distribuirá a cada generador eléctrico por medio de tuberías, válvulas y bombas.","potencialmente incorporado por referencia por Res. 644/2024, num. 1.a; sujeto a prevalencia de la Resolución",native,,lenguaje explícito de obligación/medida/previsión + término ambiental en la misma unidad textual,
COM092,documentación del proyecto,medida/compromiso del proponente,generadores_combustible; mitigacion_monitoreo,,"El sistema de recepción de combustible contará con un control autónomo, para mayor seguridad durante el proceso de distribución.",,,,,,Eleanor Applications S.R.L. / documentación del proponente,DINACEA,DP-Teros-24102023.pdf,46,,,"El sistema de recepción de combustible contará con un control autónomo, para mayor seguridad durante el proceso de distribución.","potencialmente incorporado por referencia por Res. 644/2024, num. 1.a; sujeto a prevalencia de la Resolución",native,,lenguaje explícito de obligación/medida/previsión + término ambiental en la misma unidad textual,
COM093,documentación del proyecto,medida/compromiso del proponente,generadores_combustible,,"Adicionalmente se monitoreará la temperatura dentro de los tanques de combustible de cada generador, para evitar aumentos por encima de los valores permitidos, que podrían ocasionar accidentes o derrames.",,,,,,Eleanor Applications S.R.L. / documentación del proponente,DINACEA,DP-Teros-24102023.pdf,46,,,"Adicionalmente se monitoreará la temperatura dentro de los tanques de combustible de cada generador, para evitar aumentos por encima de los valores permitidos, que podrían ocasionar accidentes o derrames.","potencialmente incorporado por referencia por Res. 644/2024, num. 1.a; sujeto a prevalencia de la Resolución",native,,lenguaje explícito de obligación/medida/previsión + término ambiental en la misma unidad textual,
COM094,documentación del proyecto,medida/compromiso del proponente,agua,,"Insumos químicos Para el tratamiento químico del agua del sistema de enfriamiento (circuito cerrado) se utilizarán biocidas, inhibidores de corrosión e inhibidores de incrustaciones.",,,,,,Eleanor Applications S.R.L. / documentación del proponente,DINACEA,DP-Teros-24102023.pdf,47,,,"Insumos químicos Para el tratamiento químico del agua del sistema de enfriamiento (circuito cerrado) se utilizarán biocidas, inhibidores de corrosión e inhibidores de incrustaciones.","potencialmente incorporado por referencia por Res. 644/2024, num. 1.a; sujeto a prevalencia de la Resolución",native,,lenguaje explícito de obligación/medida/previsión + término ambiental en la misma unidad textual,
COM095,documentación del proyecto,medida/compromiso del proponente,,operación,Residuos sólidos En la tabla a continuación se presenta una estimación de las categorías y cantidades de residuos que se generarán durante la fase de operación del emprendimiento:,,,,,,Eleanor Applications S.R.L. / documentación del proponente,DINACEA,DP-Teros-24102023.pdf,49,,,Residuos sólidos En la tabla a continuación se presenta una estimación de las categorías y cantidades de residuos que se generarán durante la fase de operación del emprendimiento:,"potencialmente incorporado por referencia por Res. 644/2024, num. 1.a; sujeto a prevalencia de la Resolución",native,,lenguaje explícito de obligación/medida/previsión + término ambiental en la misma unidad textual,
COM096,documentación del proyecto,previsión/descripcion del proyecto,generadores_combustible,,Es importante destacar que se prevé la utilización de combustible diésel con bajo contenido de azufre.,,,,,,Eleanor Applications S.R.L. / documentación del proponente,DINACEA,DP-Teros-24102023.pdf,51,,,Es importante destacar que se prevé la utilización de combustible diésel con bajo contenido de azufre.,"potencialmente incorporado por referencia por Res. 644/2024, num. 1.a; sujeto a prevalencia de la Resolución",native,,lenguaje explícito de obligación/medida/previsión + término ambiental en la misma unidad textual,
COM097,documentación del proyecto,medida/compromiso del proponente,,operación,Contingencias Introducción Se desarrollará un Plan de Prevención de Contingencias y Emergencias del emprendimiento propuesto donde se identificarán los posibles riesgos asociados a la operación del emprendimiento propuesto y se establecerán responsabilidades.,,,,,,Eleanor Applications S.R.L. / documentación del proponente,DINACEA,DP-Teros-24102023.pdf,54,,,Contingencias Introducción Se desarrollará un Plan de Prevención de Contingencias y Emergencias del emprendimiento propuesto donde se identificarán los posibles riesgos asociados a la operación del emprendimiento propuesto y se establecerán responsabilidades.,"potencialmente incorporado por referencia por Res. 644/2024, num. 1.a; sujeto a prevalencia de la Resolución",native,,lenguaje explícito de obligación/medida/previsión + término ambiental en la misma unidad textual,
COM098,documentación del proyecto,medida/compromiso del proponente,mitigacion_monitoreo,,"Foco ígneo El emprendimiento propuesto contará en todas sus instalaciones y edificaciones con una red húmeda y seca para el control de incendios, grifos y extintores tipo ABC con capacidad adecuada para la instalación.",,,,,,Eleanor Applications S.R.L. / documentación del proponente,DINACEA,DP-Teros-24102023.pdf,54,,,"Foco ígneo El emprendimiento propuesto contará en todas sus instalaciones y edificaciones con una red húmeda y seca para el control de incendios, grifos y extintores tipo ABC con capacidad adecuada para la instalación.","potencialmente incorporado por referencia por Res. 644/2024, num. 1.a; sujeto a prevalencia de la Resolución",native,,lenguaje explícito de obligación/medida/previsión + término ambiental en la misma unidad textual,
COM099,documentación del proyecto,medida/compromiso del proponente,generadores_combustible,,Las áreas destinadas a la carga de combustible para patios mecánicos y eléctricos contarán con un sistema de contención de derrames.,,,,,,Eleanor Applications S.R.L. / documentación del proponente,DINACEA,DP-Teros-24102023.pdf,55,,,Las áreas destinadas a la carga de combustible para patios mecánicos y eléctricos contarán con un sistema de contención de derrames.,"potencialmente incorporado por referencia por Res. 644/2024, num. 1.a; sujeto a prevalencia de la Resolución",native,,lenguaje explícito de obligación/medida/previsión + término ambiental en la misma unidad textual,
COM100,documentación del proyecto,medida/compromiso del proponente,,,Cada sistema contará con un pretil y una cámara de contención de derrames con sensores de detección de fuga.,,,,,,Eleanor Applications S.R.L. / documentación del proponente,DINACEA,DP-Teros-24102023.pdf,55,,,Cada sistema contará con un pretil y una cámara de contención de derrames con sensores de detección de fuga.,"potencialmente incorporado por referencia por Res. 644/2024, num. 1.a; sujeto a prevalencia de la Resolución",native,,lenguaje explícito de obligación/medida/previsión + término ambiental en la misma unidad textual,
COM101,documentación del proyecto,medida/compromiso del proponente,generadores_combustible; peligrosos_baterias,,Para los sistemas de distribución de combustible se contempla un sistema de contención formado por cañerías de doble pared que conducirán el derrame potencial por gravedad hasta la cámara de contención de derrames de la zona de carga de combustible.,,,,,,Eleanor Applications S.R.L. / documentación del proponente,DINACEA,DP-Teros-24102023.pdf,55,,,Para los sistemas de distribución de combustible se contempla un sistema de contención formado por cañerías de doble pared que conducirán el derrame potencial por gravedad hasta la cámara de contención de derrames de la zona de carga de combustible.,"potencialmente incorporado por referencia por Res. 644/2024, num. 1.a; sujeto a prevalencia de la Resolución",native,,lenguaje explícito de obligación/medida/previsión + término ambiental en la misma unidad textual,
COM102,documentación del proyecto,medida/compromiso del proponente,,,Las áreas destinadas a la carga de insumos químicos contarán con la infraestructura de contención requerida ante eventuales derrames durante la operativa de carga.,,,,,,Eleanor Applications S.R.L. / documentación del proponente,DINACEA,DP-Teros-24102023.pdf,55,,,Las áreas destinadas a la carga de insumos químicos contarán con la infraestructura de contención requerida ante eventuales derrames durante la operativa de carga.,"potencialmente incorporado por referencia por Res. 644/2024, num. 1.a; sujeto a prevalencia de la Resolución",native,,lenguaje explícito de obligación/medida/previsión + término ambiental en la misma unidad textual,
COM103,documentación del proyecto,medida/compromiso del proponente,energia,,"Se contará con generadores de emergencia, ya mencionados en la Sección 3.2.5, que brindarán energía eléctrica a los centros de datos en caso de fallas en el suministro.",,,,,,Eleanor Applications S.R.L. / documentación del proponente,DINACEA,DP-Teros-24102023.pdf,55,,,"Se contará con generadores de emergencia, ya mencionados en la Sección 3.2.5, que brindarán energía eléctrica a los centros de datos en caso de fallas en el suministro.","potencialmente incorporado por referencia por Res. 644/2024, num. 1.a; sujeto a prevalencia de la Resolución",native,,lenguaje explícito de obligación/medida/previsión + término ambiental en la misma unidad textual,
COM104,documentación del proyecto,medida/compromiso del proponente,,,"51 En términos del Estudio de Impacto Ambiental, únicamente se considera el evento de falla total de suministro eléctrico, en cuyo caso todos los generadores de emergencia operarán en simultáneo, sin perjuicio de que también puede haber eventos de fallas eléctricas menores o sectorizadas en los que operen menor cantidad de generadores de emergencia en simultáneo.",,,,,,Eleanor Applications S.R.L. / documentación del proponente,DINACEA,DP-Teros-24102023.pdf,56,,,"51 En términos del Estudio de Impacto Ambiental, únicamente se considera el evento de falla total de suministro eléctrico, en cuyo caso todos los generadores de emergencia operarán en simultáneo, sin perjuicio de que también puede haber eventos de fallas eléctricas menores o sectorizadas en los que operen menor cantidad de generadores de emergencia en simultáneo.","potencialmente incorporado por referencia por Res. 644/2024, num. 1.a; sujeto a prevalencia de la Resolución",native,,lenguaje explícito de obligación/medida/previsión + término ambiental en la misma unidad textual,
COM105,documentación del proyecto,medida/compromiso del proponente,generadores_combustible,,"Los generadores funcionarán a base de combustible diésel y contarán con un depósito de almacenamiento adosado a la parte inferior de cada equipo, por lo cual éste forma parte íntegra del mismo.",,,,,,Eleanor Applications S.R.L. / documentación del proponente,DINACEA,DP-Teros-24102023.pdf,56,,,"Los generadores funcionarán a base de combustible diésel y contarán con un depósito de almacenamiento adosado a la parte inferior de cada equipo, por lo cual éste forma parte íntegra del mismo.","potencialmente incorporado por referencia por Res. 644/2024, num. 1.a; sujeto a prevalencia de la Resolución",native,,lenguaje explícito de obligación/medida/previsión + término ambiental en la misma unidad textual,
COM106,documentación del proyecto,medida/compromiso del proponente,aire_emisiones,,Cabe destacar que los generadores a utilizar contarán con certificación de niveles de emisión “Tier 2” de la US EPA.,,,,,,Eleanor Applications S.R.L. / documentación del proponente,DINACEA,DP-Teros-24102023.pdf,58,,,Cabe destacar que los generadores a utilizar contarán con certificación de niveles de emisión “Tier 2” de la US EPA.,"potencialmente incorporado por referencia por Res. 644/2024, num. 1.a; sujeto a prevalencia de la Resolución",native,,lenguaje explícito de obligación/medida/previsión + término ambiental en la misma unidad textual,
COM107,documentación del proyecto,previsión/descripcion del proyecto,,operación,FASE DE CLAUSURA 6.1 DESCRIPCIÓN GENERAL La operación del proyecto propuesto no tiene una fecha de finalización definida; se prevé que los servicios serán ofrecidos en una base continua y los equipos e infraestructura del sitio serán mejorados y renovados cuando sea necesario.,,,,,,Eleanor Applications S.R.L. / documentación del proponente,DINACEA,DP-Teros-24102023.pdf,60,,,FASE DE CLAUSURA 6.1 DESCRIPCIÓN GENERAL La operación del proyecto propuesto no tiene una fecha de finalización definida; se prevé que los servicios serán ofrecidos en una base continua y los equipos e infraestructura del sitio serán mejorados y renovados cuando sea necesario.,"potencialmente incorporado por referencia por Res. 644/2024, num. 1.a; sujeto a prevalencia de la Resolución",native,,lenguaje explícito de obligación/medida/previsión + término ambiental en la misma unidad textual,
COM108,documentación del proyecto,medida/compromiso del proponente,,,"Los generadores se utilizarán durante periodos de interrupción en el servicio eléctrico, y durante periodos limitados relacionados con pruebas de funcionamiento y actividades de mantenimiento.",,,,,,Eleanor Applications S.R.L. / documentación del proponente,DINACEA,DP-Teros-24102023.pdf,68,,,"Los generadores se utilizarán durante periodos de interrupción en el servicio eléctrico, y durante periodos limitados relacionados con pruebas de funcionamiento y actividades de mantenimiento.","potencialmente incorporado por referencia por Res. 644/2024, num. 1.a; sujeto a prevalencia de la Resolución",native,,lenguaje explícito de obligación/medida/previsión + término ambiental en la misma unidad textual,
COM109,documentación del proyecto,medida/compromiso del proponente,generadores_combustible,,No se propone ninguna otra fuente de quema de combustible diésel como parte del proyecto propuesto.,,,,,,Eleanor Applications S.R.L. / documentación del proponente,DINACEA,DP-Teros-24102023.pdf,69,,,No se propone ninguna otra fuente de quema de combustible diésel como parte del proyecto propuesto.,"potencialmente incorporado por referencia por Res. 644/2024, num. 1.a; sujeto a prevalencia de la Resolución",native,,lenguaje explícito de obligación/medida/previsión + término ambiental en la misma unidad textual,
COM110,documentación del proyecto,referencia regulatoria / criterio técnico,aire_emisiones,,"En el caso específico de Uruguay, y de acuerdo con el Artículo 34 del Decreto de Calidad de Aire, Toda nueva instalación o la ampliación de las existentes, que tengan emisiones al aire de una fuente fija alcanzada por los estándares de emisión del presente reglamento, deberán utilizar las mejores prácticas y la mejor tecnología disponible de acuerdo con la escala del emprendimiento, de forma de minimizar sus emisiones al aire.",,,,,,Eleanor Applications S.R.L. / documentación del proponente,DINACEA,DP-Teros-24102023.pdf,70,,,"En el caso específico de Uruguay, y de acuerdo con el Artículo 34 del Decreto de Calidad de Aire, Toda nueva instalación o la ampliación de las existentes, que tengan emisiones al aire de una fuente fija alcanzada por los estándares de emisión del presente reglamento, deberán utilizar las mejores prácticas y la mejor tecnología disponible de acuerdo con la escala del emprendimiento, de forma de minimizar sus emisiones al aire.","potencialmente incorporado por referencia por Res. 644/2024, num. 1.a; sujeto a prevalencia de la Resolución",native,,lenguaje explícito de obligación/medida/previsión + término ambiental en la misma unidad textual,La frase puede describir una norma/criterio y no constituir por sí sola un compromiso del proyecto.
COM111,documentación del proyecto,referencia regulatoria / criterio técnico,aire_emisiones,,"El procedimiento se denomina MTCD descendente (conocido en inglés como “top- down BACT”), lo que significa que la tasa más baja de emisión posible deberá ser la primera a considerar.",,,,,,Eleanor Applications S.R.L. / documentación del proponente,DINACEA,DP-Teros-24102023.pdf,70,,,"El procedimiento se denomina MTCD descendente (conocido en inglés como “top- down BACT”), lo que significa que la tasa más baja de emisión posible deberá ser la primera a considerar.","potencialmente incorporado por referencia por Res. 644/2024, num. 1.a; sujeto a prevalencia de la Resolución",native,,lenguaje explícito de obligación/medida/previsión + término ambiental en la misma unidad textual,La frase puede describir una norma/criterio y no constituir por sí sola un compromiso del proyecto.
COM112,documentación del proyecto,referencia regulatoria / criterio técnico,aire_emisiones; mitigacion_monitoreo,,"Para cada contaminante y para cada fuente o unidad de emisión objeto del análisis MTCD deberá integrarse una lista en la que se presente el conjunto de opciones viables en orden descendente (la alternativa más eficaz en primer lugar) y que incluya los siguientes datos:  Reducciones en las emisiones (porcentaje del contaminante eliminado)  Tasa de emisión prevista (toneladas por año, kilogramos por hora, etc.)  Impacto en términos energéticos  Aspectos ambientales (incluye la identificación y cuantificación de otros aspectos ambientales, como generación de residuos, emisiones sonoras, etc.)  Impacto económico (rentabilidad) Un solicitante que proponga la primera alternativa de control de la lista no necesitará presentar los costos y demás información detallada del resto de las opciones.",,,,,,Eleanor Applications S.R.L. / documentación del proponente,DINACEA,DP-Teros-24102023.pdf,72,,,"Para cada contaminante y para cada fuente o unidad de emisión objeto del análisis MTCD deberá integrarse una lista en la que se presente el conjunto de opciones viables en orden descendente (la alternativa más eficaz en primer lugar) y que incluya los siguientes datos:  Reducciones en las emisiones (porcentaje del contaminante eliminado)  Tasa de emisión prevista (toneladas por año, kilogramos por hora, etc.)  Impacto en términos energéticos  Aspectos ambientales (incluye la identificación y cuantificación de otros aspectos ambientales, como generación de residuos, emisiones sonoras, etc.)  Impacto económico (rentabilidad) Un solicitante que proponga la primera alternativa de control de la lista no necesitará presentar los costos y demás información detallada del resto de las opciones.","potencialmente incorporado por referencia por Res. 644/2024, num. 1.a; sujeto a prevalencia de la Resolución",native,,lenguaje explícito de obligación/medida/previsión + término ambiental en la misma unidad textual,La frase puede describir una norma/criterio y no constituir por sí sola un compromiso del proyecto.
COM113,documentación del proyecto,medida/compromiso del proponente,mitigacion_monitoreo,,"En caso de que se determine que la opción de control candidata es inadecuada, debido a su impacto energético, ambiental o económico, se deberá justificar el hallazgo y elegir la siguiente opción más estricta como nueva alternativa de control candidata a evaluar en forma similar.",,,,,,Eleanor Applications S.R.L. / documentación del proponente,DINACEA,DP-Teros-24102023.pdf,72,,,"En caso de que se determine que la opción de control candidata es inadecuada, debido a su impacto energético, ambiental o económico, se deberá justificar el hallazgo y elegir la siguiente opción más estricta como nueva alternativa de control candidata a evaluar en forma similar.","potencialmente incorporado por referencia por Res. 644/2024, num. 1.a; sujeto a prevalencia de la Resolución",native,,lenguaje explícito de obligación/medida/previsión + término ambiental en la misma unidad textual,
COM114,documentación del proyecto,referencia regulatoria / criterio técnico,,,Paso 5 – Selección de la MTCD En este punto deberá haberse elegido ya una opción como la mejor alternativa disponible y viable para la disminución de emisiones.,,,,,,Eleanor Applications S.R.L. / documentación del proponente,DINACEA,DP-Teros-24102023.pdf,73,,,Paso 5 – Selección de la MTCD En este punto deberá haberse elegido ya una opción como la mejor alternativa disponible y viable para la disminución de emisiones.,"potencialmente incorporado por referencia por Res. 644/2024, num. 1.a; sujeto a prevalencia de la Resolución",native,,lenguaje explícito de obligación/medida/previsión + término ambiental en la misma unidad textual,La frase puede describir una norma/criterio y no constituir por sí sola un compromiso del proyecto.
COM115,documentación del proyecto,medida/compromiso del proponente,social_salud,construcción,"Estudio de impacto en el tránsito Proyecto Radar – Parque de las Ciencias A20.038 – Informe – Versión 0 Setiembre – 2023 Página 5 de 17 (+598) 9965 8192 | info@cgingenieros.com Todos los derechos reservados - ©2023 CG INGENIEROS 3. DESCRIPCIÓN DEL EMPRENDIMIENTO 3.1. Ubicación El proyecto se construirá dentro de Parque de las Ciencias (PDLC), ubicado sobre la Ruta Nacional N°101 a la altura de su kilómetro 23500, en el departamento de Canelones.",,,,,,Eleanor Applications S.R.L. / documentación del proponente,DINACEA,EsIA-Teros-24102023.pdf,227,,,"Estudio de impacto en el tránsito Proyecto Radar – Parque de las Ciencias A20.038 – Informe – Versión 0 Setiembre – 2023 Página 5 de 17 (+598) 9965 8192 | info@cgingenieros.com Todos los derechos reservados - ©2023 CG INGENIEROS 3. DESCRIPCIÓN DEL EMPRENDIMIENTO 3.1. Ubicación El proyecto se construirá dentro de Parque de las Ciencias (PDLC), ubicado sobre la Ruta Nacional N°101 a la altura de su kilómetro 23500, en el departamento de Canelones.","potencialmente incorporado por referencia por Res. 644/2024, num. 1.a; sujeto a prevalencia de la Resolución",native,,lenguaje explícito de obligación/medida/previsión + término ambiental en la misma unidad textual,
COM116,documentación del proyecto,previsión/descripcion del proyecto,,,"Ilustración 3-2 – Principales componentes del Emprendimiento Se prevé tener un edificio de centro de datos, denominado DC 01, que dispondrá de instalaciones de servicio para el personal (baños, kitchenette) y sectores para el acopio temporal de residuos.",,,,,,Eleanor Applications S.R.L. / documentación del proponente,DINACEA,EsIA-Teros-24102023.pdf,228,,,"Ilustración 3-2 – Principales componentes del Emprendimiento Se prevé tener un edificio de centro de datos, denominado DC 01, que dispondrá de instalaciones de servicio para el personal (baños, kitchenette) y sectores para el acopio temporal de residuos.","potencialmente incorporado por referencia por Res. 644/2024, num. 1.a; sujeto a prevalencia de la Resolución",native,,lenguaje explícito de obligación/medida/previsión + término ambiental en la misma unidad textual,
COM117,documentación del proyecto,medida/compromiso del proponente,efluentes,construcción,"Se tomarán entonces un conjunto de disposiciones que garanticen adecuadas condiciones de trabajo y no impliquen molestias innecesarias a la circulación en el entorno, tal como se detalla a continuación: x Existirán áreas dentro del predio para el almacenamiento de todos los insumos necesarios para la construcción. x Se dispondrá de sitios de almacenamiento separados para residuos asimilables a domésticos, peligrosos y no peligrosos, internos al predio. x Todas las tareas de carga y descarga se desarrollarán internamente. x Las áreas de estacionamiento darán cabida a todos los vehículos, sean estos contratados por la empresa como de propiedad de los trabajadores.",,,,,,Eleanor Applications S.R.L. / documentación del proponente,DINACEA,EsIA-Teros-24102023.pdf,230,,,"Se tomarán entonces un conjunto de disposiciones que garanticen adecuadas condiciones de trabajo y no impliquen molestias innecesarias a la circulación en el entorno, tal como se detalla a continuación: x Existirán áreas dentro del predio para el almacenamiento de todos los insumos necesarios para la construcción. x Se dispondrá de sitios de almacenamiento separados para residuos asimilables a domésticos, peligrosos y no peligrosos, internos al predio. x Todas las tareas de carga y descarga se desarrollarán internamente. x Las áreas de estacionamiento darán cabida a todos los vehículos, sean estos contratados por la empresa como de propiedad de los trabajadores.","potencialmente incorporado por referencia por Res. 644/2024, num. 1.a; sujeto a prevalencia de la Resolución",native,,lenguaje explícito de obligación/medida/previsión + término ambiental en la misma unidad textual,
COM118,documentación del proyecto,medida/compromiso del proponente,,,La agenda de entrada y salida deberá ser estricta y procurar minimizar la circulación simultánea en sentidos opuestos por Gonchi Rodríguez dado su ancho acotado y falta de banquinas.,,,,,,Eleanor Applications S.R.L. / documentación del proponente,DINACEA,EsIA-Teros-24102023.pdf,231,,,La agenda de entrada y salida deberá ser estricta y procurar minimizar la circulación simultánea en sentidos opuestos por Gonchi Rodríguez dado su ancho acotado y falta de banquinas.,"potencialmente incorporado por referencia por Res. 644/2024, num. 1.a; sujeto a prevalencia de la Resolución",native,,lenguaje explícito de obligación/medida/previsión + término ambiental en la misma unidad textual,
COM119,documentación del proyecto,medida/compromiso del proponente,social_salud,construcción y operación,"Estudio de impacto en el tránsito Proyecto Radar – Parque de las Ciencias A20.038 – Informe – Versión 0 Setiembre – 2023 Página 17 de 17 (+598) 9965 8192 | info@cgingenieros.com Todos los derechos reservados - ©2023 CG INGENIEROS 6. CONCLUSIONES El Emprendimiento generará tránsito de vehículos en la zona, ya sea durante su construcción o su operación, que no afectará en forma relevante la situación actual de las Rutas Nacionales.",,,,,,Eleanor Applications S.R.L. / documentación del proponente,DINACEA,EsIA-Teros-24102023.pdf,239,,,"Estudio de impacto en el tránsito Proyecto Radar – Parque de las Ciencias A20.038 – Informe – Versión 0 Setiembre – 2023 Página 17 de 17 (+598) 9965 8192 | info@cgingenieros.com Todos los derechos reservados - ©2023 CG INGENIEROS 6. CONCLUSIONES El Emprendimiento generará tránsito de vehículos en la zona, ya sea durante su construcción o su operación, que no afectará en forma relevante la situación actual de las Rutas Nacionales.","potencialmente incorporado por referencia por Res. 644/2024, num. 1.a; sujeto a prevalencia de la Resolución",native,,lenguaje explícito de obligación/medida/previsión + término ambiental en la misma unidad textual,
COM120,documentación del proyecto,medida/compromiso del proponente,mitigacion_monitoreo,,"Además, con la Intendencia deberán acordarse medidas de control de la velocidad para asegurarse que los camiones no excedan los límites establecidos; la agenda de entrada y salida deberá ser estricta y procurar minimizar la circulación simultánea en sentidos opuestos. por CG INGENIEROS Ing.",,,,,,Eleanor Applications S.R.L. / documentación del proponente,DINACEA,EsIA-Teros-24102023.pdf,239,,,"Además, con la Intendencia deberán acordarse medidas de control de la velocidad para asegurarse que los camiones no excedan los límites establecidos; la agenda de entrada y salida deberá ser estricta y procurar minimizar la circulación simultánea en sentidos opuestos. por CG INGENIEROS Ing.","potencialmente incorporado por referencia por Res. 644/2024, num. 1.a; sujeto a prevalencia de la Resolución",native,,lenguaje explícito de obligación/medida/previsión + término ambiental en la misma unidad textual,
COM121,documentación del proyecto,previsión/descripcion del proyecto,social_salud,construcción,"Impactos sociales en fase de construcción Factores Impacto Social Descripción del impacto social Signo Significancia Percepción relevada Fase de construcción Empleo / Expectativas Generación de puestos de trabajo Se prevé que el proyecto crearía entre 500 y 600 puestos de trabajo, con picos de hasta aproximadamente 1.300 puestos de trabajo, durante la fase de construcción.",,,,,,Eleanor Applications S.R.L. / documentación del proponente,DINACEA,EsIA-Teros-24102023.pdf,279,,,"Impactos sociales en fase de construcción Factores Impacto Social Descripción del impacto social Signo Significancia Percepción relevada Fase de construcción Empleo / Expectativas Generación de puestos de trabajo Se prevé que el proyecto crearía entre 500 y 600 puestos de trabajo, con picos de hasta aproximadamente 1.300 puestos de trabajo, durante la fase de construcción.","potencialmente incorporado por referencia por Res. 644/2024, num. 1.a; sujeto a prevalencia de la Resolución",native,,lenguaje explícito de obligación/medida/previsión + término ambiental en la misma unidad textual,
COM122,documentación del proyecto,medida/compromiso del proponente,social_salud,construcción y operación,Se implementará un estudio específico de tránsito para construcción y operación que se entregará en el marco del EsIA.,,,,,,Eleanor Applications S.R.L. / documentación del proponente,DINACEA,EsIA-Teros-24102023.pdf,279,,,Se implementará un estudio específico de tránsito para construcción y operación que se entregará en el marco del EsIA.,"potencialmente incorporado por referencia por Res. 644/2024, num. 1.a; sujeto a prevalencia de la Resolución",native,,lenguaje explícito de obligación/medida/previsión + término ambiental en la misma unidad textual,
COM123,documentación del proyecto,medida/compromiso del proponente,,,Se realizará un adecuado mantenimiento de esta maquinaria con el fin de minimizar las emisiones de esta naturaleza.,,,,,,Eleanor Applications S.R.L. / documentación del proponente,DINACEA,EsIA-Teros-24102023.pdf,280,,,Se realizará un adecuado mantenimiento de esta maquinaria con el fin de minimizar las emisiones de esta naturaleza.,"potencialmente incorporado por referencia por Res. 644/2024, num. 1.a; sujeto a prevalencia de la Resolución",native,,lenguaje explícito de obligación/medida/previsión + término ambiental en la misma unidad textual,
COM124,documentación del proyecto,medida/compromiso del proponente,social_salud,construcción y operación,Se implementará un estudio específico de tránsito para construcción y operación que se entregará en el marco del EsIA.,,,,,,Eleanor Applications S.R.L. / documentación del proponente,DINACEA,EsIA-Teros-24102023.pdf,281,,,Se implementará un estudio específico de tránsito para construcción y operación que se entregará en el marco del EsIA.,"potencialmente incorporado por referencia por Res. 644/2024, num. 1.a; sujeto a prevalencia de la Resolución",native,,lenguaje explícito de obligación/medida/previsión + término ambiental en la misma unidad textual,
COM125,plan de gestión,procedimiento/compromiso de gestión del proponente,,construcción,"2.2 AUTORIZACIONES 224 Antecedentes Como se mencionó, el emprendimiento propuesto se prevé ubicar dentro de Parque de las Ciencias (en adelante PDLC), donde se albergan industrias y otros emprendimientos en régimen de zona franca.",,,,,,Eleanor Applications S.R.L. / documentación del proponente,DINACEA,Plan-de-Gestion-Ambiental-de-Construccion.pdf,6,,,"2.2 AUTORIZACIONES 224 Antecedentes Como se mencionó, el emprendimiento propuesto se prevé ubicar dentro de Parque de las Ciencias (en adelante PDLC), donde se albergan industrias y otros emprendimientos en régimen de zona franca.","potencialmente incorporado por referencia por Res. 644/2024, num. 1.a; sujeto a prevalencia de la Resolución",OCR,,lenguaje explícito de obligación/medida/previsión + término ambiental en la misma unidad textual,Texto obtenido por OCR; verificar visualmente la cita antes de publicación.
COM126,plan de gestión,procedimiento/compromiso de gestión del proponente,,construcción,"Posteriormente, estos padrones fueron recategorizados como suburbanos, cambiando su numeración a N""47.827, N°47.828, N°47.829, N°47.830, N'47.831 y N'47.832, 2.22 Otras autorizaciones Autorización para el ingreso de residuos a Sitio de Disposición Final Se deberá solicitar autorización para la disposición final de residuos sólidos no contaminados ni peligrosos en el Sitio de Disposición Final (SDF) Sanitario de la zona.",,,,,,Eleanor Applications S.R.L. / documentación del proponente,DINACEA,Plan-de-Gestion-Ambiental-de-Construccion.pdf,7,,,"Posteriormente, estos padrones fueron recategorizados como suburbanos, cambiando su numeración a N""47.827, N°47.828, N°47.829, N°47.830, N'47.831 y N'47.832, 2.22 Otras autorizaciones Autorización para el ingreso de residuos a Sitio de Disposición Final Se deberá solicitar autorización para la disposición final de residuos sólidos no contaminados ni peligrosos en el Sitio de Disposición Final (SDF) Sanitario de la zona.","potencialmente incorporado por referencia por Res. 644/2024, num. 1.a; sujeto a prevalencia de la Resolución",OCR,,lenguaje explícito de obligación/medida/previsión + término ambiental en la misma unidad textual,Texto obtenido por OCR; verificar visualmente la cita antes de publicación.
COM127,plan de gestión,procedimiento/compromiso de gestión del proponente,,construcción,Verificar cumplimiento de PGA-C Representante Será el responsable ante el o Presentación de informes a organismos pad tts DINACEA de la gestión competentes en representación de plication ambiental de la obra y quien Eleanor Application SRL (si corresponde) verificará el cumplimiento del PGA-C.,,,,,,Eleanor Applications S.R.L. / documentación del proponente,DINACEA,Plan-de-Gestion-Ambiental-de-Construccion.pdf,8,,,Verificar cumplimiento de PGA-C Representante Será el responsable ante el o Presentación de informes a organismos pad tts DINACEA de la gestión competentes en representación de plication ambiental de la obra y quien Eleanor Application SRL (si corresponde) verificará el cumplimiento del PGA-C.,"potencialmente incorporado por referencia por Res. 644/2024, num. 1.a; sujeto a prevalencia de la Resolución",OCR,,lenguaje explícito de obligación/medida/previsión + término ambiental en la misma unidad textual,Texto obtenido por OCR; verificar visualmente la cita antes de publicación.
COM128,plan de gestión,procedimiento/compromiso de gestión del proponente,,construcción,"ELEANOR APPLICATIONS SRL PROYECTO ens DESCRIPCION DE LAS OBRAS 41 UBICACIÓN El emprendimiento propuesto se prevé ubicar dentro de Parque de las Ciencias (en adelante PDLC), ubicado en Ruta 101 Km 23,500, en la Ciudad de la Costa del departamento de Canelones (anterior 72 Sección Catastral del departamento de Canelones).",,,,,,Eleanor Applications S.R.L. / documentación del proponente,DINACEA,Plan-de-Gestion-Ambiental-de-Construccion.pdf,10,,,"ELEANOR APPLICATIONS SRL PROYECTO ens DESCRIPCION DE LAS OBRAS 41 UBICACIÓN El emprendimiento propuesto se prevé ubicar dentro de Parque de las Ciencias (en adelante PDLC), ubicado en Ruta 101 Km 23,500, en la Ciudad de la Costa del departamento de Canelones (anterior 72 Sección Catastral del departamento de Canelones).","potencialmente incorporado por referencia por Res. 644/2024, num. 1.a; sujeto a prevalencia de la Resolución",OCR,,lenguaje explícito de obligación/medida/previsión + término ambiental en la misma unidad textual,Texto obtenido por OCR; verificar visualmente la cita antes de publicación.
COM129,plan de gestión,procedimiento/compromiso de gestión del proponente,,construcción,"Dentro de PDLC, el emprendimiento propuesto se prevé ubicar en el predio conformado por los padrones suburbanos 47.763, 47.827, 47.828, 47.829, 47.830, 47.831 y 47.832.",,,,,,Eleanor Applications S.R.L. / documentación del proponente,DINACEA,Plan-de-Gestion-Ambiental-de-Construccion.pdf,10,,,"Dentro de PDLC, el emprendimiento propuesto se prevé ubicar en el predio conformado por los padrones suburbanos 47.763, 47.827, 47.828, 47.829, 47.830, 47.831 y 47.832.","potencialmente incorporado por referencia por Res. 644/2024, num. 1.a; sujeto a prevalencia de la Resolución",OCR,,lenguaje explícito de obligación/medida/previsión + término ambiental en la misma unidad textual,Texto obtenido por OCR; verificar visualmente la cita antes de publicación.
COM130,plan de gestión,procedimiento/compromiso de gestión del proponente,agua,construcción,"Para la instalación de las tuberías, se realizarán ataguías de modo de canalizar el agua por un costado y permitir la instalación de los tubos.",,,,,,Eleanor Applications S.R.L. / documentación del proponente,DINACEA,Plan-de-Gestion-Ambiental-de-Construccion.pdf,12,,,"Para la instalación de las tuberías, se realizarán ataguías de modo de canalizar el agua por un costado y permitir la instalación de los tubos.","potencialmente incorporado por referencia por Res. 644/2024, num. 1.a; sujeto a prevalencia de la Resolución",OCR,,lenguaje explícito de obligación/medida/previsión + término ambiental en la misma unidad textual,Texto obtenido por OCR; verificar visualmente la cita antes de publicación.
COM131,plan de gestión,procedimiento/compromiso de gestión del proponente,,construcción,"Obrador Oficinas y servicios para el personal Se prevé la instalación de módulos de doble piso formados por contenedores para su uso como oficinas, comedor, vestuarios y servicios higiénicos, Almacenamiento de insumos y talleres Existirán áreas para el almacenamiento de los insumos necesarios para la construcción, asícomo zonas destinadas a talleres de soldadura, carpintería, pintura, entre otros.",,,,,,Eleanor Applications S.R.L. / documentación del proponente,DINACEA,Plan-de-Gestion-Ambiental-de-Construccion.pdf,13,,,"Obrador Oficinas y servicios para el personal Se prevé la instalación de módulos de doble piso formados por contenedores para su uso como oficinas, comedor, vestuarios y servicios higiénicos, Almacenamiento de insumos y talleres Existirán áreas para el almacenamiento de los insumos necesarios para la construcción, asícomo zonas destinadas a talleres de soldadura, carpintería, pintura, entre otros.","potencialmente incorporado por referencia por Res. 644/2024, num. 1.a; sujeto a prevalencia de la Resolución",OCR,,lenguaje explícito de obligación/medida/previsión + término ambiental en la misma unidad textual,Texto obtenido por OCR; verificar visualmente la cita antes de publicación.
COM132,plan de gestión,procedimiento/compromiso de gestión del proponente,aire_emisiones; mitigacion_monitoreo,construcción,"Asimismo, se instalará señalética para el e, control de la velocidad en el interior del sitio y, con el fin de mantener controladas las emisiones de material particulado, generadas por estas actividades.",,,,,,Eleanor Applications S.R.L. / documentación del proponente,DINACEA,Plan-de-Gestion-Ambiental-de-Construccion.pdf,13,,,"Asimismo, se instalará señalética para el e, control de la velocidad en el interior del sitio y, con el fin de mantener controladas las emisiones de material particulado, generadas por estas actividades.","potencialmente incorporado por referencia por Res. 644/2024, num. 1.a; sujeto a prevalencia de la Resolución",OCR,,lenguaje explícito de obligación/medida/previsión + término ambiental en la misma unidad textual,Texto obtenido por OCR; verificar visualmente la cita antes de publicación.
COM133,plan de gestión,procedimiento/compromiso de gestión del proponente,,construcción,Depósito de insumos químicos Se construirá un depósito para el almacenamiento de insumos químicos.,,,,,,Eleanor Applications S.R.L. / documentación del proponente,DINACEA,Plan-de-Gestion-Ambiental-de-Construccion.pdf,13,,,Depósito de insumos químicos Se construirá un depósito para el almacenamiento de insumos químicos.,"potencialmente incorporado por referencia por Res. 644/2024, num. 1.a; sujeto a prevalencia de la Resolución",OCR,,lenguaje explícito de obligación/medida/previsión + término ambiental en la misma unidad textual,Texto obtenido por OCR; verificar visualmente la cita antes de publicación.
COM134,plan de gestión,procedimiento/compromiso de gestión del proponente,peligrosos_baterias; mitigacion_monitoreo,construcción,"Así mismo, contará con las Hojas de Seguridad de los insumos, extintores en caso de emergencia y sistema de control de derrames, para aquellos insumos con potencial de derrame.",,,,,,Eleanor Applications S.R.L. / documentación del proponente,DINACEA,Plan-de-Gestion-Ambiental-de-Construccion.pdf,13,,,"Así mismo, contará con las Hojas de Seguridad de los insumos, extintores en caso de emergencia y sistema de control de derrames, para aquellos insumos con potencial de derrame.","potencialmente incorporado por referencia por Res. 644/2024, num. 1.a; sujeto a prevalencia de la Resolución",OCR,,lenguaje explícito de obligación/medida/previsión + término ambiental en la misma unidad textual,Texto obtenido por OCR; verificar visualmente la cita antes de publicación.
COM135,plan de gestión,procedimiento/compromiso de gestión del proponente,energia,construcción y operación,"Materiales a utilizar a oe Hormigón me 18.000 Sub base y bases granulares MP 24.000 Asfalto m 14.000 Estructuras de acero me 2.300 422 Edificio de centro de datos Se prevé que el emprendimiento cuente con un edificio de centro de datos, denominado DC-01. - Dentro de este edificio se contará con el equipamiento necesario para la distribución de energía eléctrico y el sistema de enfriamiento para mantener el ambiente en las temperaturas de Operación requeridas.",,,,,,Eleanor Applications S.R.L. / documentación del proponente,DINACEA,Plan-de-Gestion-Ambiental-de-Construccion.pdf,14,,,"Materiales a utilizar a oe Hormigón me 18.000 Sub base y bases granulares MP 24.000 Asfalto m 14.000 Estructuras de acero me 2.300 422 Edificio de centro de datos Se prevé que el emprendimiento cuente con un edificio de centro de datos, denominado DC-01. - Dentro de este edificio se contará con el equipamiento necesario para la distribución de energía eléctrico y el sistema de enfriamiento para mantener el ambiente en las temperaturas de Operación requeridas.","potencialmente incorporado por referencia por Res. 644/2024, num. 1.a; sujeto a prevalencia de la Resolución",OCR,,lenguaje explícito de obligación/medida/previsión + término ambiental en la misma unidad textual,Texto obtenido por OCR; verificar visualmente la cita antes de publicación.
COM136,plan de gestión,procedimiento/compromiso de gestión del proponente,,construcción,"Se contará también con instalaciones de servicio para el personal, tales como oficinas, baños, kitchenette y sectores para el acopio temporal de residuos.",,,,,,Eleanor Applications S.R.L. / documentación del proponente,DINACEA,Plan-de-Gestion-Ambiental-de-Construccion.pdf,14,,,"Se contará también con instalaciones de servicio para el personal, tales como oficinas, baños, kitchenette y sectores para el acopio temporal de residuos.","potencialmente incorporado por referencia por Res. 644/2024, num. 1.a; sujeto a prevalencia de la Resolución",OCR,,lenguaje explícito de obligación/medida/previsión + término ambiental en la misma unidad textual,Texto obtenido por OCR; verificar visualmente la cita antes de publicación.
COM137,plan de gestión,procedimiento/compromiso de gestión del proponente,,construcción,También operarán en el predio otros sistemas de enfriamiento (y climatización) para funciones secundarias.,,,,,,Eleanor Applications S.R.L. / documentación del proponente,DINACEA,Plan-de-Gestion-Ambiental-de-Construccion.pdf,14,,,También operarán en el predio otros sistemas de enfriamiento (y climatización) para funciones secundarias.,"potencialmente incorporado por referencia por Res. 644/2024, num. 1.a; sujeto a prevalencia de la Resolución",OCR,,lenguaje explícito de obligación/medida/previsión + término ambiental en la misma unidad textual,Texto obtenido por OCR; verificar visualmente la cita antes de publicación.
COM138,plan de gestión,procedimiento/compromiso de gestión del proponente,energia; refrigerantes,construcción,"Por ejemplo, sistemas de HVAC con flujo de refrigerante variable (VRF) y unidades de tratamiento de aire (AHU). os 424 Subestación Eléctrica El emprendimiento propuesto contará con una subestación de maniobra de 150 kV de UTE, y lindera a ella, se contará también con una subestación propia, ubicadas ambas sobre el lateral Este del predio.",,,,,,Eleanor Applications S.R.L. / documentación del proponente,DINACEA,Plan-de-Gestion-Ambiental-de-Construccion.pdf,14,,,"Por ejemplo, sistemas de HVAC con flujo de refrigerante variable (VRF) y unidades de tratamiento de aire (AHU). os 424 Subestación Eléctrica El emprendimiento propuesto contará con una subestación de maniobra de 150 kV de UTE, y lindera a ella, se contará también con una subestación propia, ubicadas ambas sobre el lateral Este del predio.","potencialmente incorporado por referencia por Res. 644/2024, num. 1.a; sujeto a prevalencia de la Resolución",OCR,,lenguaje explícito de obligación/medida/previsión + término ambiental en la misma unidad textual,Texto obtenido por OCR; verificar visualmente la cita antes de publicación.
COM139,plan de gestión,procedimiento/compromiso de gestión del proponente,energia,construcción,"Este sector incluirá las conexiones eléctricas tanto para el suministro de energía desde la subestación, como desde los generadores de emergencia.",,,,,,Eleanor Applications S.R.L. / documentación del proponente,DINACEA,Plan-de-Gestion-Ambiental-de-Construccion.pdf,15,,,"Este sector incluirá las conexiones eléctricas tanto para el suministro de energía desde la subestación, como desde los generadores de emergencia.","potencialmente incorporado por referencia por Res. 644/2024, num. 1.a; sujeto a prevalencia de la Resolución",OCR,,lenguaje explícito de obligación/medida/previsión + término ambiental en la misma unidad textual,Texto obtenido por OCR; verificar visualmente la cita antes de publicación.
COM140,plan de gestión,procedimiento/compromiso de gestión del proponente,aire_emisiones,construcción,Habrá generadores ubicados en el patio eléctrico que contarán con chimenea para el escape de los gases de combustión.,,,,,,Eleanor Applications S.R.L. / documentación del proponente,DINACEA,Plan-de-Gestion-Ambiental-de-Construccion.pdf,15,,,Habrá generadores ubicados en el patio eléctrico que contarán con chimenea para el escape de los gases de combustión.,"potencialmente incorporado por referencia por Res. 644/2024, num. 1.a; sujeto a prevalencia de la Resolución",OCR,,lenguaje explícito de obligación/medida/previsión + término ambiental en la misma unidad textual,Texto obtenido por OCR; verificar visualmente la cita antes de publicación.
COM141,plan de gestión,procedimiento/compromiso de gestión del proponente,,construcción,"Se contará con generadores de emergencia en el patio mecánico, que permitirán el funcionamiento de todos los componentes del sistema de enfriamiento aún ante cortes en el suministro eléctrico.",,,,,,Eleanor Applications S.R.L. / documentación del proponente,DINACEA,Plan-de-Gestion-Ambiental-de-Construccion.pdf,15,,,"Se contará con generadores de emergencia en el patio mecánico, que permitirán el funcionamiento de todos los componentes del sistema de enfriamiento aún ante cortes en el suministro eléctrico.","potencialmente incorporado por referencia por Res. 644/2024, num. 1.a; sujeto a prevalencia de la Resolución",OCR,,lenguaje explícito de obligación/medida/previsión + término ambiental en la misma unidad textual,Texto obtenido por OCR; verificar visualmente la cita antes de publicación.
COM142,plan de gestión,procedimiento/compromiso de gestión del proponente,aire_emisiones,construcción,Cada uno contará con una chimenea para el escape de los gases de combustión.,,,,,,Eleanor Applications S.R.L. / documentación del proponente,DINACEA,Plan-de-Gestion-Ambiental-de-Construccion.pdf,15,,,Cada uno contará con una chimenea para el escape de los gases de combustión.,"potencialmente incorporado por referencia por Res. 644/2024, num. 1.a; sujeto a prevalencia de la Resolución",OCR,,lenguaje explícito de obligación/medida/previsión + término ambiental en la misma unidad textual,Texto obtenido por OCR; verificar visualmente la cita antes de publicación.
COM143,plan de gestión,procedimiento/compromiso de gestión del proponente,agua; energia; generadores_combustible; efluentes,construcción,"Adicionalmente se tendrán instalaciones de servicio del sistema de enfriamiento, como la planta de acondicionamiento químico del agua para los circuitos cerrados, un tanque de almacenamiento de agua, depósito de insumos químicos, casetas de bombas, áreas de descarga de insumos químicos y combustible, y equipos variados de enfriamiento para el edificio de eléctricos, los patios mecánicos contarán con la conexión al suministro eléctrico tanto desde la subestación eléctrica como desde los generadores de emergencia.",,,,,,Eleanor Applications S.R.L. / documentación del proponente,DINACEA,Plan-de-Gestion-Ambiental-de-Construccion.pdf,15,,,"Adicionalmente se tendrán instalaciones de servicio del sistema de enfriamiento, como la planta de acondicionamiento químico del agua para los circuitos cerrados, un tanque de almacenamiento de agua, depósito de insumos químicos, casetas de bombas, áreas de descarga de insumos químicos y combustible, y equipos variados de enfriamiento para el edificio de eléctricos, los patios mecánicos contarán con la conexión al suministro eléctrico tanto desde la subestación eléctrica como desde los generadores de emergencia.","potencialmente incorporado por referencia por Res. 644/2024, num. 1.a; sujeto a prevalencia de la Resolución",OCR,,lenguaje explícito de obligación/medida/previsión + término ambiental en la misma unidad textual,Texto obtenido por OCR; verificar visualmente la cita antes de publicación.
COM144,plan de gestión,procedimiento/compromiso de gestión del proponente,energia,construcción,"427 Edificio de intercone» Este edificio de pequeñas dimensiones contendrá el equipamiento de telecomunicaciones de terminación de línea requerido para actuar como interfaz entre los centros de datos y el cable de fibra óptica que ingresa al predio, Este edificio contará además con servicios de distribución de energía eléctrica y enfriamiento para el equipamiento de telecomunicaciones.",,,,,,Eleanor Applications S.R.L. / documentación del proponente,DINACEA,Plan-de-Gestion-Ambiental-de-Construccion.pdf,15,,,"427 Edificio de intercone» Este edificio de pequeñas dimensiones contendrá el equipamiento de telecomunicaciones de terminación de línea requerido para actuar como interfaz entre los centros de datos y el cable de fibra óptica que ingresa al predio, Este edificio contará además con servicios de distribución de energía eléctrica y enfriamiento para el equipamiento de telecomunicaciones.","potencialmente incorporado por referencia por Res. 644/2024, num. 1.a; sujeto a prevalencia de la Resolución",OCR,,lenguaje explícito de obligación/medida/previsión + término ambiental en la misma unidad textual,Texto obtenido por OCR; verificar visualmente la cita antes de publicación.
COM145,plan de gestión,procedimiento/compromiso de gestión del proponente,,construcción,"423 Edificio de administración El emprendimiento propuesto contará con una edificación enteramente dedicada a albergar las labores administrativas que incluirá un comedor, baños, oficinas y salas de reuniones.",,,,,,Eleanor Applications S.R.L. / documentación del proponente,DINACEA,Plan-de-Gestion-Ambiental-de-Construccion.pdf,15,,,"423 Edificio de administración El emprendimiento propuesto contará con una edificación enteramente dedicada a albergar las labores administrativas que incluirá un comedor, baños, oficinas y salas de reuniones.","potencialmente incorporado por referencia por Res. 644/2024, num. 1.a; sujeto a prevalencia de la Resolución",OCR,,lenguaje explícito de obligación/medida/previsión + término ambiental en la misma unidad textual,Texto obtenido por OCR; verificar visualmente la cita antes de publicación.
COM146,plan de gestión,procedimiento/compromiso de gestión del proponente,generadores_combustible,construcción,"Contará con un pequeño generador eléctrico de respaldo en caso de emergencia, y con plazas de estacionamiento anexas al edificio. feia: estudio ingeniería ambienta! S tt Primera firma:",,,,,,Eleanor Applications S.R.L. / documentación del proponente,DINACEA,Plan-de-Gestion-Ambiental-de-Construccion.pdf,15,,,"Contará con un pequeño generador eléctrico de respaldo en caso de emergencia, y con plazas de estacionamiento anexas al edificio. feia: estudio ingeniería ambienta! S tt Primera firma:","potencialmente incorporado por referencia por Res. 644/2024, num. 1.a; sujeto a prevalencia de la Resolución",OCR,,lenguaje explícito de obligación/medida/previsión + término ambiental en la misma unidad textual,Texto obtenido por OCR; verificar visualmente la cita antes de publicación.
COM147,plan de gestión,procedimiento/compromiso de gestión del proponente,generadores_combustible,construcción,Todas las áreas de carga de combustible contarán con regueras con rejilla ubicadas debajo de los puntos de carga de combustible.,,,,,,Eleanor Applications S.R.L. / documentación del proponente,DINACEA,Plan-de-Gestion-Ambiental-de-Construccion.pdf,16,,,Todas las áreas de carga de combustible contarán con regueras con rejilla ubicadas debajo de los puntos de carga de combustible.,"potencialmente incorporado por referencia por Res. 644/2024, num. 1.a; sujeto a prevalencia de la Resolución",OCR,,lenguaje explícito de obligación/medida/previsión + término ambiental en la misma unidad textual,Texto obtenido por OCR; verificar visualmente la cita antes de publicación.
COM148,plan de gestión,procedimiento/compromiso de gestión del proponente,generadores_combustible,construcción,"Estas regueras drenarán a un separador de hidrocarburos (con alarmas de nivel alto de aceite), el cual contará con capacidad suficiente para contener el volumen completo de una sección del camión cisterna de transporte de combustible.",,,,,,Eleanor Applications S.R.L. / documentación del proponente,DINACEA,Plan-de-Gestion-Ambiental-de-Construccion.pdf,16,,,"Estas regueras drenarán a un separador de hidrocarburos (con alarmas de nivel alto de aceite), el cual contará con capacidad suficiente para contener el volumen completo de una sección del camión cisterna de transporte de combustible.","potencialmente incorporado por referencia por Res. 644/2024, num. 1.a; sujeto a prevalencia de la Resolución",OCR,,lenguaje explícito de obligación/medida/previsión + término ambiental en la misma unidad textual,Texto obtenido por OCR; verificar visualmente la cita antes de publicación.
COM149,plan de gestión,procedimiento/compromiso de gestión del proponente,,construcción,"O 5 bulldozer © 2camiones aljibe O 6 excavadoras hidráulicas O 70 camiones con caja de 20 m* O Srodillos 4 motoniveladoras o Además, se utilizará maquinaria adicional para el resto de las obras, tales como: © Retroexcavadoras para excavación en zanja y localizadas © Hormigoneras O Generadores eléctricos O Camiones grúa © Equipos de compactación manual Gia estudio smbie ela, estudio ingeniería ambiental 48 Primera firma:",,,,,,Eleanor Applications S.R.L. / documentación del proponente,DINACEA,Plan-de-Gestion-Ambiental-de-Construccion.pdf,16,,,"O 5 bulldozer © 2camiones aljibe O 6 excavadoras hidráulicas O 70 camiones con caja de 20 m* O Srodillos 4 motoniveladoras o Además, se utilizará maquinaria adicional para el resto de las obras, tales como: © Retroexcavadoras para excavación en zanja y localizadas © Hormigoneras O Generadores eléctricos O Camiones grúa © Equipos de compactación manual Gia estudio smbie ela, estudio ingeniería ambiental 48 Primera firma:","potencialmente incorporado por referencia por Res. 644/2024, num. 1.a; sujeto a prevalencia de la Resolución",OCR,,lenguaje explícito de obligación/medida/previsión + término ambiental en la misma unidad textual,Texto obtenido por OCR; verificar visualmente la cita antes de publicación.
COM150,plan de gestión,procedimiento/compromiso de gestión del proponente,peligrosos_baterias; mitigacion_monitoreo,construcción,"648 PLAN DE GESTIÓN AMBIENTAL DE CONSTRUCCIÓN ELEANOR APPLICATIONS SRL El mismo deberá contar con los elementos necesarios para actuar ante un posible derrame (material absorbente, cordón de contención, pala, bolsas plásticas, EPPs).",,,,,,Eleanor Applications S.R.L. / documentación del proponente,DINACEA,Plan-de-Gestion-Ambiental-de-Construccion.pdf,20,,,"648 PLAN DE GESTIÓN AMBIENTAL DE CONSTRUCCIÓN ELEANOR APPLICATIONS SRL El mismo deberá contar con los elementos necesarios para actuar ante un posible derrame (material absorbente, cordón de contención, pala, bolsas plásticas, EPPs).","potencialmente incorporado por referencia por Res. 644/2024, num. 1.a; sujeto a prevalencia de la Resolución",OCR,,lenguaje explícito de obligación/medida/previsión + término ambiental en la misma unidad textual,Texto obtenido por OCR; verificar visualmente la cita antes de publicación.
COM151,plan de gestión,procedimiento/compromiso de gestión del proponente,,construcción,000000 ¡Suministro a herramientas menores desde envases El suministro desde envases a herramientas menores se realizará contando con bandejas de contención y con los elementos necesarios para facilitar el trasvase evitando derrames (embudo o bomba con pico).,,,,,,Eleanor Applications S.R.L. / documentación del proponente,DINACEA,Plan-de-Gestion-Ambiental-de-Construccion.pdf,20,,,000000 ¡Suministro a herramientas menores desde envases El suministro desde envases a herramientas menores se realizará contando con bandejas de contención y con los elementos necesarios para facilitar el trasvase evitando derrames (embudo o bomba con pico).,"potencialmente incorporado por referencia por Res. 644/2024, num. 1.a; sujeto a prevalencia de la Resolución",OCR,,lenguaje explícito de obligación/medida/previsión + término ambiental en la misma unidad textual,Texto obtenido por OCR; verificar visualmente la cita antes de publicación.
COM152,plan de gestión,procedimiento/compromiso de gestión del proponente,,construcción,"Acopio Si por las características de la actividad fuera necesario el acopio de combustibles y lubricantes, se deberá contar con un recinto acondicionado o bandejas de contención, dependiendo de: © Volumen por acopiar O Duración del acopio © Espacio disponible en Bases de Mantenimiento O Acopio en frentes de trabajo Ga. estucio ingeniería ambiental S 16 Primera firma:",,,,,,Eleanor Applications S.R.L. / documentación del proponente,DINACEA,Plan-de-Gestion-Ambiental-de-Construccion.pdf,20,,,"Acopio Si por las características de la actividad fuera necesario el acopio de combustibles y lubricantes, se deberá contar con un recinto acondicionado o bandejas de contención, dependiendo de: © Volumen por acopiar O Duración del acopio © Espacio disponible en Bases de Mantenimiento O Acopio en frentes de trabajo Ga. estucio ingeniería ambiental S 16 Primera firma:","potencialmente incorporado por referencia por Res. 644/2024, num. 1.a; sujeto a prevalencia de la Resolución",OCR,,lenguaje explícito de obligación/medida/previsión + término ambiental en la misma unidad textual,Texto obtenido por OCR; verificar visualmente la cita antes de publicación.
COM153,plan de gestión,procedimiento/compromiso de gestión del proponente,,construcción,"Se contará con las Hojas de Seguridad de los productos almacenados a la vista, con el fin de brindar información sobre los riesgos y medidas de acción ante accidentes.",,,,,,Eleanor Applications S.R.L. / documentación del proponente,DINACEA,Plan-de-Gestion-Ambiental-de-Construccion.pdf,21,,,"Se contará con las Hojas de Seguridad de los productos almacenados a la vista, con el fin de brindar información sobre los riesgos y medidas de acción ante accidentes.","potencialmente incorporado por referencia por Res. 644/2024, num. 1.a; sujeto a prevalencia de la Resolución",OCR,,lenguaje explícito de obligación/medida/previsión + término ambiental en la misma unidad textual,Texto obtenido por OCR; verificar visualmente la cita antes de publicación.
COM154,plan de gestión,procedimiento/compromiso de gestión del proponente,,construcción,"Las sustancias se almacenarán de forma ordenada, de acuerdo con las condiciones establecidas en la Ficha de datos de Seguridad y en la Evaluación de Riesgo realizada por el prevencionista.",,,,,,Eleanor Applications S.R.L. / documentación del proponente,DINACEA,Plan-de-Gestion-Ambiental-de-Construccion.pdf,21,,,"Las sustancias se almacenarán de forma ordenada, de acuerdo con las condiciones establecidas en la Ficha de datos de Seguridad y en la Evaluación de Riesgo realizada por el prevencionista.","potencialmente incorporado por referencia por Res. 644/2024, num. 1.a; sujeto a prevalencia de la Resolución",OCR,,lenguaje explícito de obligación/medida/previsión + término ambiental en la misma unidad textual,Texto obtenido por OCR; verificar visualmente la cita antes de publicación.
COM155,plan de gestión,procedimiento/compromiso de gestión del proponente,generadores_combustible,construcción,"Cada tanque, bidón o envase contará con la etiqueta visible que indique su contenido, en caso de que la misma se deteriore deberá será sustituida por una en condiciones.",,,,,,Eleanor Applications S.R.L. / documentación del proponente,DINACEA,Plan-de-Gestion-Ambiental-de-Construccion.pdf,21,,,"Cada tanque, bidón o envase contará con la etiqueta visible que indique su contenido, en caso de que la misma se deteriore deberá será sustituida por una en condiciones.","potencialmente incorporado por referencia por Res. 644/2024, num. 1.a; sujeto a prevalencia de la Resolución",OCR,,lenguaje explícito de obligación/medida/previsión + término ambiental en la misma unidad textual,Texto obtenido por OCR; verificar visualmente la cita antes de publicación.
COM156,plan de gestión,procedimiento/compromiso de gestión del proponente,,construcción,Una vez utilizado el producto y antes de volver a almacenarlo se deberá verificar que el envase no presente pérdidas o deterioro evidente y que esté correctamente tapado y etiquetado.,,,,,,Eleanor Applications S.R.L. / documentación del proponente,DINACEA,Plan-de-Gestion-Ambiental-de-Construccion.pdf,21,,,Una vez utilizado el producto y antes de volver a almacenarlo se deberá verificar que el envase no presente pérdidas o deterioro evidente y que esté correctamente tapado y etiquetado.,"potencialmente incorporado por referencia por Res. 644/2024, num. 1.a; sujeto a prevalencia de la Resolución",OCR,,lenguaje explícito de obligación/medida/previsión + término ambiental en la misma unidad textual,Texto obtenido por OCR; verificar visualmente la cita antes de publicación.
COM157,plan de gestión,procedimiento/compromiso de gestión del proponente,,construcción,"Presencia de Fichas de Seguridad Fraccionamiento En caso de realizar fraccionamientos, la actividad se realizará sobre una bandeja de contención cuyas dimensiones sean acordes al tamaño de los envases a manipular, y con los elementos necesarios para facilitar el trasvase evitando derrames.",,,,,,Eleanor Applications S.R.L. / documentación del proponente,DINACEA,Plan-de-Gestion-Ambiental-de-Construccion.pdf,21,,,"Presencia de Fichas de Seguridad Fraccionamiento En caso de realizar fraccionamientos, la actividad se realizará sobre una bandeja de contención cuyas dimensiones sean acordes al tamaño de los envases a manipular, y con los elementos necesarios para facilitar el trasvase evitando derrames.","potencialmente incorporado por referencia por Res. 644/2024, num. 1.a; sujeto a prevalencia de la Resolución",OCR,,lenguaje explícito de obligación/medida/previsión + término ambiental en la misma unidad textual,Texto obtenido por OCR; verificar visualmente la cita antes de publicación.
COM158,plan de gestión,procedimiento/compromiso de gestión del proponente,,construcción,Siempre será una situación transitoria que deberá subsanarse a la mayor brevedad posible. ‘Manejo de sustancias en frentes de trabajo Aplicarán las condiciones definidas anteriormente.,,,,,,Eleanor Applications S.R.L. / documentación del proponente,DINACEA,Plan-de-Gestion-Ambiental-de-Construccion.pdf,21,,,Siempre será una situación transitoria que deberá subsanarse a la mayor brevedad posible. ‘Manejo de sustancias en frentes de trabajo Aplicarán las condiciones definidas anteriormente.,"potencialmente incorporado por referencia por Res. 644/2024, num. 1.a; sujeto a prevalencia de la Resolución",OCR,,lenguaje explícito de obligación/medida/previsión + término ambiental en la misma unidad textual,Texto obtenido por OCR; verificar visualmente la cita antes de publicación.
COM159,plan de gestión,procedimiento/compromiso de gestión del proponente,agua; biodiversidad_suelo; mitigacion_monitoreo,construcción,"650 PLAN DE GESTIÓN AMBIENTAL DE CONSTRUCCIÓN ELEANOR APPLICATIONSSRL PROYECTO TEROS de estos elementos, los efluentes generados deberán ser gestionados con la misma categoría que los productos que lo generaron, no pudiendo ser dispuestos en alcantarillas, cursos de agua o suelo.",,,,,,Eleanor Applications S.R.L. / documentación del proponente,DINACEA,Plan-de-Gestion-Ambiental-de-Construccion.pdf,22,,,"650 PLAN DE GESTIÓN AMBIENTAL DE CONSTRUCCIÓN ELEANOR APPLICATIONSSRL PROYECTO TEROS de estos elementos, los efluentes generados deberán ser gestionados con la misma categoría que los productos que lo generaron, no pudiendo ser dispuestos en alcantarillas, cursos de agua o suelo.","potencialmente incorporado por referencia por Res. 644/2024, num. 1.a; sujeto a prevalencia de la Resolución",OCR,,lenguaje explícito de obligación/medida/previsión + término ambiental en la misma unidad textual,Texto obtenido por OCR; verificar visualmente la cita antes de publicación.
COM160,plan de gestión,procedimiento/compromiso de gestión del proponente,peligrosos_baterias,construcción,Actuación ante derrames En caso de derrame de deberá aplicar el procedimiento para actuación ante derrames.,,,,,,Eleanor Applications S.R.L. / documentación del proponente,DINACEA,Plan-de-Gestion-Ambiental-de-Construccion.pdf,22,,,Actuación ante derrames En caso de derrame de deberá aplicar el procedimiento para actuación ante derrames.,"potencialmente incorporado por referencia por Res. 644/2024, num. 1.a; sujeto a prevalencia de la Resolución",OCR,,lenguaje explícito de obligación/medida/previsión + término ambiental en la misma unidad textual,Texto obtenido por OCR; verificar visualmente la cita antes de publicación.
COM161,plan de gestión,procedimiento/compromiso de gestión del proponente,,construcción,SEÑALIZACIÓN El recinto de acopio de combustibles y lubricantes contará con la siguiente cartelería: © Cartelería que identifique el uso del recinto. © Cantelería en el recinto que alerte de la peligrosidad de las sustancias. © Cartelería en el recinto que presente las medidas de seguridad que rigen sobre el área. © Etiquetado de envases.,,,,,,Eleanor Applications S.R.L. / documentación del proponente,DINACEA,Plan-de-Gestion-Ambiental-de-Construccion.pdf,22,,,SEÑALIZACIÓN El recinto de acopio de combustibles y lubricantes contará con la siguiente cartelería: © Cartelería que identifique el uso del recinto. © Cantelería en el recinto que alerte de la peligrosidad de las sustancias. © Cartelería en el recinto que presente las medidas de seguridad que rigen sobre el área. © Etiquetado de envases.,"potencialmente incorporado por referencia por Res. 644/2024, num. 1.a; sujeto a prevalencia de la Resolución",OCR,,lenguaje explícito de obligación/medida/previsión + término ambiental en la misma unidad textual,Texto obtenido por OCR; verificar visualmente la cita antes de publicación.
COM162,plan de gestión,procedimiento/compromiso de gestión del proponente,,construcción,Una vez utilizado el producto y antes de volver a almacenario se deberá verificar nuevamente que el envase no presente pérdidas o deterioro evidente y que esté correctamente tapado e identificado.,,,,,,Eleanor Applications S.R.L. / documentación del proponente,DINACEA,Plan-de-Gestion-Ambiental-de-Construccion.pdf,23,,,Una vez utilizado el producto y antes de volver a almacenario se deberá verificar nuevamente que el envase no presente pérdidas o deterioro evidente y que esté correctamente tapado e identificado.,"potencialmente incorporado por referencia por Res. 644/2024, num. 1.a; sujeto a prevalencia de la Resolución",OCR,,lenguaje explícito de obligación/medida/previsión + término ambiental en la misma unidad textual,Texto obtenido por OCR; verificar visualmente la cita antes de publicación.
COM163,plan de gestión,procedimiento/compromiso de gestión del proponente,,construcción,En caso de tanques de 200 L que por su contenido puedan estar a la intemperie se deberá operar de la siguiente manera: a) siestán sin abriro vacios deben estar cerrados herméticamente con el tapón hacia arriba b) si están en uso deben estar apoyados sobre bandejas estancas de protección que permitan contener el 110% de su volumen.,,,,,,Eleanor Applications S.R.L. / documentación del proponente,DINACEA,Plan-de-Gestion-Ambiental-de-Construccion.pdf,24,,,En caso de tanques de 200 L que por su contenido puedan estar a la intemperie se deberá operar de la siguiente manera: a) siestán sin abriro vacios deben estar cerrados herméticamente con el tapón hacia arriba b) si están en uso deben estar apoyados sobre bandejas estancas de protección que permitan contener el 110% de su volumen.,"potencialmente incorporado por referencia por Res. 644/2024, num. 1.a; sujeto a prevalencia de la Resolución",OCR,,lenguaje explícito de obligación/medida/previsión + término ambiental en la misma unidad textual,Texto obtenido por OCR; verificar visualmente la cita antes de publicación.
COM164,plan de gestión,procedimiento/compromiso de gestión del proponente,gei_clima,construcción,"Los depósitos de “Productos inflamables” y gases comprimidos no deberán compartir el mismo ‘espacio físico ni estar anexos, a menos que las paredes divisorias ofrezcan la suficiente resistencia al fuego para proporcionar un tiempo prudencial de evacuación del depósito contiguo ante un incendio. fi , ia. estudio ingeniería ambiental y pe 20 Primera firma:",,,,,,Eleanor Applications S.R.L. / documentación del proponente,DINACEA,Plan-de-Gestion-Ambiental-de-Construccion.pdf,24,,,"Los depósitos de “Productos inflamables” y gases comprimidos no deberán compartir el mismo ‘espacio físico ni estar anexos, a menos que las paredes divisorias ofrezcan la suficiente resistencia al fuego para proporcionar un tiempo prudencial de evacuación del depósito contiguo ante un incendio. fi , ia. estudio ingeniería ambiental y pe 20 Primera firma:","potencialmente incorporado por referencia por Res. 644/2024, num. 1.a; sujeto a prevalencia de la Resolución",OCR,,lenguaje explícito de obligación/medida/previsión + término ambiental en la misma unidad textual,Texto obtenido por OCR; verificar visualmente la cita antes de publicación.
COM165,plan de gestión,procedimiento/compromiso de gestión del proponente,mitigacion_monitoreo,construcción,"653 PLAN DE GESTIÓN AMBIENTAL DE CONSTRUCCIÓN ELEANOR APPLICATIONS SRL PROYECTO renos Ambos deberán tener entrada independiente ya nivel de piso, y se debe prestar especial atención a que el acceso a los mismos no esté obstruido.",,,,,,Eleanor Applications S.R.L. / documentación del proponente,DINACEA,Plan-de-Gestion-Ambiental-de-Construccion.pdf,25,,,"653 PLAN DE GESTIÓN AMBIENTAL DE CONSTRUCCIÓN ELEANOR APPLICATIONS SRL PROYECTO renos Ambos deberán tener entrada independiente ya nivel de piso, y se debe prestar especial atención a que el acceso a los mismos no esté obstruido.","potencialmente incorporado por referencia por Res. 644/2024, num. 1.a; sujeto a prevalencia de la Resolución",OCR,,lenguaje explícito de obligación/medida/previsión + término ambiental en la misma unidad textual,Texto obtenido por OCR; verificar visualmente la cita antes de publicación.
COM166,plan de gestión,procedimiento/compromiso de gestión del proponente,luz_paisaje,construcción,"Depósitos de inflamables y gases: © Deberán disponer de paredes que ofrezcan constante ventilación (reja o alambre tejido, etc.), y protección contra la luz solar directa al interior. © Las luminarias de los depósitos de productos inflamables serán de carácter antideflagrante.",,,,,,Eleanor Applications S.R.L. / documentación del proponente,DINACEA,Plan-de-Gestion-Ambiental-de-Construccion.pdf,25,,,"Depósitos de inflamables y gases: © Deberán disponer de paredes que ofrezcan constante ventilación (reja o alambre tejido, etc.), y protección contra la luz solar directa al interior. © Las luminarias de los depósitos de productos inflamables serán de carácter antideflagrante.","potencialmente incorporado por referencia por Res. 644/2024, num. 1.a; sujeto a prevalencia de la Resolución",OCR,,lenguaje explícito de obligación/medida/previsión + término ambiental en la misma unidad textual,Texto obtenido por OCR; verificar visualmente la cita antes de publicación.
COM167,plan de gestión,procedimiento/compromiso de gestión del proponente,,construcción,O_ Deberán poseer al menos un extintor dispuesto cerca de la vía de entrada y en óptimas condiciones de uso y visibilidad.,,,,,,Eleanor Applications S.R.L. / documentación del proponente,DINACEA,Plan-de-Gestion-Ambiental-de-Construccion.pdf,25,,,O_ Deberán poseer al menos un extintor dispuesto cerca de la vía de entrada y en óptimas condiciones de uso y visibilidad.,"potencialmente incorporado por referencia por Res. 644/2024, num. 1.a; sujeto a prevalencia de la Resolución",OCR,,lenguaje explícito de obligación/medida/previsión + término ambiental en la misma unidad textual,Texto obtenido por OCR; verificar visualmente la cita antes de publicación.
COM168,plan de gestión,procedimiento/compromiso de gestión del proponente,,construcción,Se deberá disponer de las Fichas de Seguridad de los productos en el sitio de almacenamiento y uso.,,,,,,Eleanor Applications S.R.L. / documentación del proponente,DINACEA,Plan-de-Gestion-Ambiental-de-Construccion.pdf,25,,,Se deberá disponer de las Fichas de Seguridad de los productos en el sitio de almacenamiento y uso.,"potencialmente incorporado por referencia por Res. 644/2024, num. 1.a; sujeto a prevalencia de la Resolución",OCR,,lenguaje explícito de obligación/medida/previsión + término ambiental en la misma unidad textual,Texto obtenido por OCR; verificar visualmente la cita antes de publicación.
COM169,plan de gestión,procedimiento/compromiso de gestión del proponente,,construcción,"Transporte Siel transporte de áridos desde la cantera hacia el destino de uso se realiza a través de viales de uso público se procederá a cubrir la carga con lona para disminuir o evitar el efecto de voladura del material transportado, la pledra no puede superar la altura de las barandas del camión Acopio.",,,,,,Eleanor Applications S.R.L. / documentación del proponente,DINACEA,Plan-de-Gestion-Ambiental-de-Construccion.pdf,26,,,"Transporte Siel transporte de áridos desde la cantera hacia el destino de uso se realiza a través de viales de uso público se procederá a cubrir la carga con lona para disminuir o evitar el efecto de voladura del material transportado, la pledra no puede superar la altura de las barandas del camión Acopio.","potencialmente incorporado por referencia por Res. 644/2024, num. 1.a; sujeto a prevalencia de la Resolución",OCR,,lenguaje explícito de obligación/medida/previsión + término ambiental en la misma unidad textual,Texto obtenido por OCR; verificar visualmente la cita antes de publicación.
COM170,plan de gestión,procedimiento/compromiso de gestión del proponente,,construcción,"Los áridos se acopiarán respetando las siguientes pautas: ‘© Se pondrá especial cuidado en las tareas de vuelco de áridos de forma de generar la menor cantidad posible de emisiones a la atmósfera, No interferir con vias de circulación.",,,,,,Eleanor Applications S.R.L. / documentación del proponente,DINACEA,Plan-de-Gestion-Ambiental-de-Construccion.pdf,26,,,"Los áridos se acopiarán respetando las siguientes pautas: ‘© Se pondrá especial cuidado en las tareas de vuelco de áridos de forma de generar la menor cantidad posible de emisiones a la atmósfera, No interferir con vias de circulación.","potencialmente incorporado por referencia por Res. 644/2024, num. 1.a; sujeto a prevalencia de la Resolución",OCR,,lenguaje explícito de obligación/medida/previsión + término ambiental en la misma unidad textual,Texto obtenido por OCR; verificar visualmente la cita antes de publicación.
COM171,plan de gestión,procedimiento/compromiso de gestión del proponente,agua,construcción,"PROYECTO EROS DESARROLLO Hormigón premezcladi Suministro desde planta externa (© Se deberá exigir al subcontrato, que el lavado de la media caña de los mixer se realice en las instalaciones pertinentes ubicadas en el obrador (Procedimiento para la gestión del agua derivada del lavado de elementos con hormigón).",,,,,,Eleanor Applications S.R.L. / documentación del proponente,DINACEA,Plan-de-Gestion-Ambiental-de-Construccion.pdf,28,,,"PROYECTO EROS DESARROLLO Hormigón premezcladi Suministro desde planta externa (© Se deberá exigir al subcontrato, que el lavado de la media caña de los mixer se realice en las instalaciones pertinentes ubicadas en el obrador (Procedimiento para la gestión del agua derivada del lavado de elementos con hormigón).","potencialmente incorporado por referencia por Res. 644/2024, num. 1.a; sujeto a prevalencia de la Resolución",OCR,,lenguaje explícito de obligación/medida/previsión + término ambiental en la misma unidad textual,Texto obtenido por OCR; verificar visualmente la cita antes de publicación.
COM172,plan de gestión,procedimiento/compromiso de gestión del proponente,aire_emisiones; social_salud; mitigacion_monitoreo,construcción y operación,"En caso de tener que trabajar en horario nocturno se deberá contar con la aprobación del titular de la obra y las medidas necesarias de mitigación ante posibles quejas de la población. © Se dará cumplimiento a las indicaciones de limpieza y mantenimientos que establezca el fabricante de la planta, a los efectos de asegurar la correcta operación de las medidas de mitigación de emisiones. © Los insumos para la planta se gestionarán de la siguiente manera: > © Elacopio de cemento se realizará de modo tal de evitar su dispersión (dentro de silos, en sacos, et.) y solidificación (proteger de las inclemencias climáticas). © El acopio de áridos para la utilización de la planta se gestionará según las pautas estipuladas en el Procedimiento para el suministro y manejo de áridos. (© Encaso de que sea necesario el uso de sustancias peligrosas (aditivos) las mismas se gestionarén como se indica en el Procedimiento de manejo de sustancias peligrosas.",,,,,,Eleanor Applications S.R.L. / documentación del proponente,DINACEA,Plan-de-Gestion-Ambiental-de-Construccion.pdf,28,,,"En caso de tener que trabajar en horario nocturno se deberá contar con la aprobación del titular de la obra y las medidas necesarias de mitigación ante posibles quejas de la población. © Se dará cumplimiento a las indicaciones de limpieza y mantenimientos que establezca el fabricante de la planta, a los efectos de asegurar la correcta operación de las medidas de mitigación de emisiones. © Los insumos para la planta se gestionarán de la siguiente manera: > © Elacopio de cemento se realizará de modo tal de evitar su dispersión (dentro de silos, en sacos, et.) y solidificación (proteger de las inclemencias climáticas). © El acopio de áridos para la utilización de la planta se gestionará según las pautas estipuladas en el Procedimiento para el suministro y manejo de áridos. (© Encaso de que sea necesario el uso de sustancias peligrosas (aditivos) las mismas se gestionarén como se indica en el Procedimiento de manejo de sustancias peligrosas.","potencialmente incorporado por referencia por Res. 644/2024, num. 1.a; sujeto a prevalencia de la Resolución",OCR,,lenguaje explícito de obligación/medida/previsión + término ambiental en la misma unidad textual,Texto obtenido por OCR; verificar visualmente la cita antes de publicación.
COM173,plan de gestión,procedimiento/compromiso de gestión del proponente,agua; efluentes,construcción,"O En caso de que se deba descartar el material se procederá a su descarga sobre un área Impermeable (nylon, lonas o pisos impermeables) con pendientes controladas, de modo tal de contener el agua contenida en el material.",,,,,,Eleanor Applications S.R.L. / documentación del proponente,DINACEA,Plan-de-Gestion-Ambiental-de-Construccion.pdf,28,,,"O En caso de que se deba descartar el material se procederá a su descarga sobre un área Impermeable (nylon, lonas o pisos impermeables) con pendientes controladas, de modo tal de contener el agua contenida en el material.","potencialmente incorporado por referencia por Res. 644/2024, num. 1.a; sujeto a prevalencia de la Resolución",OCR,,lenguaje explícito de obligación/medida/previsión + término ambiental en la misma unidad textual,Texto obtenido por OCR; verificar visualmente la cita antes de publicación.
COM174,plan de gestión,procedimiento/compromiso de gestión del proponente,residuos,construcción,"Una vez que el material fragúe se procederá a su gestión como escombro (Procedimiento para la gestión de residuos de construcción). © La limpieza de los mixeres se realizará descartando el material que haya quedado en el tambor de la forma antes señalada, para luego proceder al lavado de la media caña y el tambor en las instalaciones pertinentes ubicadas en el obrador.",,,,,,Eleanor Applications S.R.L. / documentación del proponente,DINACEA,Plan-de-Gestion-Ambiental-de-Construccion.pdf,28,,,"Una vez que el material fragúe se procederá a su gestión como escombro (Procedimiento para la gestión de residuos de construcción). © La limpieza de los mixeres se realizará descartando el material que haya quedado en el tambor de la forma antes señalada, para luego proceder al lavado de la media caña y el tambor en las instalaciones pertinentes ubicadas en el obrador.","potencialmente incorporado por referencia por Res. 644/2024, num. 1.a; sujeto a prevalencia de la Resolución",OCR,,lenguaje explícito de obligación/medida/previsión + término ambiental en la misma unidad textual,Texto obtenido por OCR; verificar visualmente la cita antes de publicación.
COM175,plan de gestión,procedimiento/compromiso de gestión del proponente,generadores_combustible; efluentes,construcción,Hormigones in situ En caso de elaborar hormigones y afines con hormigoneras (eléctrica o a combustible) se deberán seguir las siguientes indicaciones: © seutilizará una bandeja de contención o pavimento impermeable con pendiente controlada bajo a la zona de descarga de la hormigonera. © Losinsumos se gestionarán de la siguiente maner o.,,,,,,Eleanor Applications S.R.L. / documentación del proponente,DINACEA,Plan-de-Gestion-Ambiental-de-Construccion.pdf,28,,,Hormigones in situ En caso de elaborar hormigones y afines con hormigoneras (eléctrica o a combustible) se deberán seguir las siguientes indicaciones: © seutilizará una bandeja de contención o pavimento impermeable con pendiente controlada bajo a la zona de descarga de la hormigonera. © Losinsumos se gestionarán de la siguiente maner o.,"potencialmente incorporado por referencia por Res. 644/2024, num. 1.a; sujeto a prevalencia de la Resolución",OCR,,lenguaje explícito de obligación/medida/previsión + término ambiental en la misma unidad textual,Texto obtenido por OCR; verificar visualmente la cita antes de publicación.
COM176,plan de gestión,procedimiento/compromiso de gestión del proponente,agua; efluentes; biodiversidad_suelo,construcción,"Elacopio de cemento se realizará separado del suelo (ej.: sobre pallet) y protegido de las inclemencias climáticas (cubiertos con nylon o materiales impermeables). © El acopio de áridos para la utilización de la planta se gestionará según las pautas estipuladas en el Procedimiento para el suministro y manejo de áridos. o En caso de que sea necesario el uso de sustancias peligrosas (aditivos), las mismas se gestionarán como se indica en el Procedimiento de manejo de sustancias peligrosas. © En caso de que se deba descartar el material se procederá a su descarga sobre un área ¡permeable (nylon, lonas o pisos impermeables) con pendientes controladas, de modo tal de contener el agua contenida en el material.",,,,,,Eleanor Applications S.R.L. / documentación del proponente,DINACEA,Plan-de-Gestion-Ambiental-de-Construccion.pdf,28,,,"Elacopio de cemento se realizará separado del suelo (ej.: sobre pallet) y protegido de las inclemencias climáticas (cubiertos con nylon o materiales impermeables). © El acopio de áridos para la utilización de la planta se gestionará según las pautas estipuladas en el Procedimiento para el suministro y manejo de áridos. o En caso de que sea necesario el uso de sustancias peligrosas (aditivos), las mismas se gestionarán como se indica en el Procedimiento de manejo de sustancias peligrosas. © En caso de que se deba descartar el material se procederá a su descarga sobre un área ¡permeable (nylon, lonas o pisos impermeables) con pendientes controladas, de modo tal de contener el agua contenida en el material.","potencialmente incorporado por referencia por Res. 644/2024, num. 1.a; sujeto a prevalencia de la Resolución",OCR,,lenguaje explícito de obligación/medida/previsión + término ambiental en la misma unidad textual,Texto obtenido por OCR; verificar visualmente la cita antes de publicación.
COM177,plan de gestión,procedimiento/compromiso de gestión del proponente,residuos,construcción,Una vez que el material fragúe se procederá a su ¡gestión como escombro (Procedimiento para la gestión de residuos de construcción). © La limpieza de la hormigonera se realizará descartando el material que haya quedado en el tambor de la forma antes señalada.,,,,,,Eleanor Applications S.R.L. / documentación del proponente,DINACEA,Plan-de-Gestion-Ambiental-de-Construccion.pdf,28,,,Una vez que el material fragúe se procederá a su ¡gestión como escombro (Procedimiento para la gestión de residuos de construcción). © La limpieza de la hormigonera se realizará descartando el material que haya quedado en el tambor de la forma antes señalada.,"potencialmente incorporado por referencia por Res. 644/2024, num. 1.a; sujeto a prevalencia de la Resolución",OCR,,lenguaje explícito de obligación/medida/previsión + término ambiental en la misma unidad textual,Texto obtenido por OCR; verificar visualmente la cita antes de publicación.
COM178,plan de gestión,procedimiento/compromiso de gestión del proponente,agua,construcción,"Se limpiarán las herramientas en contacto con hormigón o afines tales como: palas, llanas, fretachos, etc,, en las instalaciones pertinentes ubicadas en el obrador (Procedimiento para la gestión del agua derivada del lavado de elementos con hormigón).",,,,,,Eleanor Applications S.R.L. / documentación del proponente,DINACEA,Plan-de-Gestion-Ambiental-de-Construccion.pdf,29,,,"Se limpiarán las herramientas en contacto con hormigón o afines tales como: palas, llanas, fretachos, etc,, en las instalaciones pertinentes ubicadas en el obrador (Procedimiento para la gestión del agua derivada del lavado de elementos con hormigón).","potencialmente incorporado por referencia por Res. 644/2024, num. 1.a; sujeto a prevalencia de la Resolución",OCR,,lenguaje explícito de obligación/medida/previsión + término ambiental en la misma unidad textual,Texto obtenido por OCR; verificar visualmente la cita antes de publicación.
COM179,plan de gestión,procedimiento/compromiso de gestión del proponente,mitigacion_monitoreo,construcción,En caso de no poder seguir esta medida se deberá contar con una nota que esgrima las razones técnicas de la localización y las medidas de mitigación que aplican en caso de generar molestias. © La instalación en predios particulares deberá contar con el permiso escrito del propietario.,,,,,,Eleanor Applications S.R.L. / documentación del proponente,DINACEA,Plan-de-Gestion-Ambiental-de-Construccion.pdf,29,,,En caso de no poder seguir esta medida se deberá contar con una nota que esgrima las razones técnicas de la localización y las medidas de mitigación que aplican en caso de generar molestias. © La instalación en predios particulares deberá contar con el permiso escrito del propietario.,"potencialmente incorporado por referencia por Res. 644/2024, num. 1.a; sujeto a prevalencia de la Resolución",OCR,,lenguaje explícito de obligación/medida/previsión + término ambiental en la misma unidad textual,Texto obtenido por OCR; verificar visualmente la cita antes de publicación.
COM180,plan de gestión,procedimiento/compromiso de gestión del proponente,ruido,construcción,"La planta contará con los elementos necesarlos para reducir las emisiones (polvo y ruido). © Área impermeabilizada con pendientes controladas para el descarte de material, O.",,,,,,Eleanor Applications S.R.L. / documentación del proponente,DINACEA,Plan-de-Gestion-Ambiental-de-Construccion.pdf,29,,,"La planta contará con los elementos necesarlos para reducir las emisiones (polvo y ruido). © Área impermeabilizada con pendientes controladas para el descarte de material, O.","potencialmente incorporado por referencia por Res. 644/2024, num. 1.a; sujeto a prevalencia de la Resolución",OCR,,lenguaje explícito de obligación/medida/previsión + término ambiental en la misma unidad textual,Texto obtenido por OCR; verificar visualmente la cita antes de publicación.
COM181,plan de gestión,procedimiento/compromiso de gestión del proponente,,construcción,"Bandejas de contención SEÑALIZACIÓN Se utilizará la cartelería necesaria para dar aviso en zonas de riesgo (acopio de sustancias, acopio de cementos, etc.) REGISTROS Se deberán registrar los volúmenes consumidos en obra, detallando: fecha de ingreso, tipo de producto, volumen, proveedor.",,,,,,Eleanor Applications S.R.L. / documentación del proponente,DINACEA,Plan-de-Gestion-Ambiental-de-Construccion.pdf,29,,,"Bandejas de contención SEÑALIZACIÓN Se utilizará la cartelería necesaria para dar aviso en zonas de riesgo (acopio de sustancias, acopio de cementos, etc.) REGISTROS Se deberán registrar los volúmenes consumidos en obra, detallando: fecha de ingreso, tipo de producto, volumen, proveedor.","potencialmente incorporado por referencia por Res. 644/2024, num. 1.a; sujeto a prevalencia de la Resolución",OCR,,lenguaje explícito de obligación/medida/previsión + término ambiental en la misma unidad textual,Texto obtenido por OCR; verificar visualmente la cita antes de publicación.
COM182,plan de gestión,procedimiento/compromiso de gestión del proponente,agua,construcción,"Suministro desde planta externa (© Se deberá exigir al subcontrato, que el lavado de la media caña de los mixer se realice en las Instalaciones pertinentes ubicadas en el obrador (Procedimiento para la gestión del agua derivada del lavado de elementos con hormigón). © Nose limpiará el trompo mezclador del mixer en obra, debiendo retornar a la planta externa para el lavado correspondiente.",,,,,,Eleanor Applications S.R.L. / documentación del proponente,DINACEA,Plan-de-Gestion-Ambiental-de-Construccion.pdf,30,,,"Suministro desde planta externa (© Se deberá exigir al subcontrato, que el lavado de la media caña de los mixer se realice en las Instalaciones pertinentes ubicadas en el obrador (Procedimiento para la gestión del agua derivada del lavado de elementos con hormigón). © Nose limpiará el trompo mezclador del mixer en obra, debiendo retornar a la planta externa para el lavado correspondiente.","potencialmente incorporado por referencia por Res. 644/2024, num. 1.a; sujeto a prevalencia de la Resolución",OCR,,lenguaje explícito de obligación/medida/previsión + término ambiental en la misma unidad textual,Texto obtenido por OCR; verificar visualmente la cita antes de publicación.
COM183,plan de gestión,procedimiento/compromiso de gestión del proponente,agua; aire_emisiones; efluentes; social_salud; mitigacion_monitoreo,construcción y operación,"En caso de tener que trabajar en horario. nocturno se deberá contar con la aprobación del titular de la obra y las medidas necesarias de mitigación ante posibles quejas de la población. © Se dará cumplimiento a las indicaciones de limpieza y mantenimientos que establezca el fabricante de la planta, a los efectos de asegurar la correcta operación de las medidas de mitigación de emisiones. © Los insumos para la planta se gestionarán de la siguiente manera: © Elacopio de cemento se realizará de modo tal de evitar su dispersión (dentro de silos, €en sacos, etc.) y solidificación (proteger de las inclemencias climáticas). © El acopio de áridos para la utilización de la planta se gestionará según las pautas estipuladas en el Procedimiento para el suministro y manejo de áridos. © Encaso de que sea necesario el uso de sustancias peligrosas (aditivos), las mismas se gestionarán como se indica en el Procedimiento de manejo de sustancias peligrosas. © En caso de que se deba descartar el material se procederá a su descarga sobre un área Impermeable (nylon, lonas o pisos impermeables) con pendientes controladas, de modo tal de contener el agua contenida en el material.",,,,,,Eleanor Applications S.R.L. / documentación del proponente,DINACEA,Plan-de-Gestion-Ambiental-de-Construccion.pdf,30,,,"En caso de tener que trabajar en horario. nocturno se deberá contar con la aprobación del titular de la obra y las medidas necesarias de mitigación ante posibles quejas de la población. © Se dará cumplimiento a las indicaciones de limpieza y mantenimientos que establezca el fabricante de la planta, a los efectos de asegurar la correcta operación de las medidas de mitigación de emisiones. © Los insumos para la planta se gestionarán de la siguiente manera: © Elacopio de cemento se realizará de modo tal de evitar su dispersión (dentro de silos, €en sacos, etc.) y solidificación (proteger de las inclemencias climáticas). © El acopio de áridos para la utilización de la planta se gestionará según las pautas estipuladas en el Procedimiento para el suministro y manejo de áridos. © Encaso de que sea necesario el uso de sustancias peligrosas (aditivos), las mismas se gestionarán como se indica en el Procedimiento de manejo de sustancias peligrosas. © En caso de que se deba descartar el material se procederá a su descarga sobre un área Impermeable (nylon, lonas o pisos impermeables) con pendientes controladas, de modo tal de contener el agua contenida en el material.","potencialmente incorporado por referencia por Res. 644/2024, num. 1.a; sujeto a prevalencia de la Resolución",OCR,,lenguaje explícito de obligación/medida/previsión + término ambiental en la misma unidad textual,Texto obtenido por OCR; verificar visualmente la cita antes de publicación.
COM184,plan de gestión,procedimiento/compromiso de gestión del proponente,residuos,construcción,"Una vez que el material fragúe se procederá a su gestión como escombro (Procedimiento para la gestión de residuos de construcción), © La limpieza de los mixer se realizará descartando el material que haya quedado en el tambor de la forma antes señalada, para luego proceder al lavado de la media caña y el tambor en las Instalaciones pertinentes ubicadas en el obrador.",,,,,,Eleanor Applications S.R.L. / documentación del proponente,DINACEA,Plan-de-Gestion-Ambiental-de-Construccion.pdf,30,,,"Una vez que el material fragúe se procederá a su gestión como escombro (Procedimiento para la gestión de residuos de construcción), © La limpieza de los mixer se realizará descartando el material que haya quedado en el tambor de la forma antes señalada, para luego proceder al lavado de la media caña y el tambor en las Instalaciones pertinentes ubicadas en el obrador.","potencialmente incorporado por referencia por Res. 644/2024, num. 1.a; sujeto a prevalencia de la Resolución",OCR,,lenguaje explícito de obligación/medida/previsión + término ambiental en la misma unidad textual,Texto obtenido por OCR; verificar visualmente la cita antes de publicación.
COM185,plan de gestión,procedimiento/compromiso de gestión del proponente,generadores_combustible; efluentes; biodiversidad_suelo,construcción,"Hormigones in situ En caso de elaborar hormigones y afines con hormigoneras (eléctrica o a combustible) se debe: seguirlas siguientes Indicaciones: (© Seutilizará una bandeja de contención o pavimento impermeable con pendiente controlada bajo la zona de descarga de la hormigonera. © Los insumos se gestionarán de la siguiente manera: © Elacoplo de cemento se realizará separado del suelo (e): sobre pallet) y protegido de las inclemencias climáticas (cubiertos con nylon o materiales impermeables). o El acopio de áridos para la utilización de la planta se gestionará según las pautas estipuladas en el Procedimiento para el suministro y manejo de áridos. © En caso de que sea necesario el uso de sustancias peligrosas (aditivos), las mismas se ‘bestionarin como se indica en el Procedimiento de manejo de sustancias peligrosas. © En caso de que se deba descartar el material se procederá a su descarga sobre un área impermeable (nylon, lonas o pisos impermeables) con pendientes controladas, de modo tal de feia: estudio ingeniería ambiental ela. estudio Ingeniería ambiental E Primera firma:",,,,,,Eleanor Applications S.R.L. / documentación del proponente,DINACEA,Plan-de-Gestion-Ambiental-de-Construccion.pdf,30,,,"Hormigones in situ En caso de elaborar hormigones y afines con hormigoneras (eléctrica o a combustible) se debe: seguirlas siguientes Indicaciones: (© Seutilizará una bandeja de contención o pavimento impermeable con pendiente controlada bajo la zona de descarga de la hormigonera. © Los insumos se gestionarán de la siguiente manera: © Elacoplo de cemento se realizará separado del suelo (e): sobre pallet) y protegido de las inclemencias climáticas (cubiertos con nylon o materiales impermeables). o El acopio de áridos para la utilización de la planta se gestionará según las pautas estipuladas en el Procedimiento para el suministro y manejo de áridos. © En caso de que sea necesario el uso de sustancias peligrosas (aditivos), las mismas se ‘bestionarin como se indica en el Procedimiento de manejo de sustancias peligrosas. © En caso de que se deba descartar el material se procederá a su descarga sobre un área impermeable (nylon, lonas o pisos impermeables) con pendientes controladas, de modo tal de feia: estudio ingeniería ambiental ela. estudio Ingeniería ambiental E Primera firma:","potencialmente incorporado por referencia por Res. 644/2024, num. 1.a; sujeto a prevalencia de la Resolución",OCR,,lenguaje explícito de obligación/medida/previsión + término ambiental en la misma unidad textual,Texto obtenido por OCR; verificar visualmente la cita antes de publicación.
COM186,plan de gestión,procedimiento/compromiso de gestión del proponente,residuos,construcción,Una vez que el material fragúe se procederá a su gestión como escombro (Procedimiento para la gestión de residuos de construcción). © La limpieza de la hormigonera se realizará descartando el material que haya quedado en el tambor dela forma antes señalada.,,,,,,Eleanor Applications S.R.L. / documentación del proponente,DINACEA,Plan-de-Gestion-Ambiental-de-Construccion.pdf,31,,,Una vez que el material fragúe se procederá a su gestión como escombro (Procedimiento para la gestión de residuos de construcción). © La limpieza de la hormigonera se realizará descartando el material que haya quedado en el tambor dela forma antes señalada.,"potencialmente incorporado por referencia por Res. 644/2024, num. 1.a; sujeto a prevalencia de la Resolución",OCR,,lenguaje explícito de obligación/medida/previsión + término ambiental en la misma unidad textual,Texto obtenido por OCR; verificar visualmente la cita antes de publicación.
COM187,plan de gestión,procedimiento/compromiso de gestión del proponente,ruido; mitigacion_monitoreo,construcción,En caso de no poder seguir esta medida se deberá contar con una nota que esgrima las razones técnicas de la localización y las medidas de mitigación que aplican en caso de generar molestias. © La instalación en predios particulares deberá contar con el permiso escrito del propietario. © La planta contará con los elementos necesarios para reducir las emisiones (polvo y ruido).,,,,,,Eleanor Applications S.R.L. / documentación del proponente,DINACEA,Plan-de-Gestion-Ambiental-de-Construccion.pdf,31,,,En caso de no poder seguir esta medida se deberá contar con una nota que esgrima las razones técnicas de la localización y las medidas de mitigación que aplican en caso de generar molestias. © La instalación en predios particulares deberá contar con el permiso escrito del propietario. © La planta contará con los elementos necesarios para reducir las emisiones (polvo y ruido).,"potencialmente incorporado por referencia por Res. 644/2024, num. 1.a; sujeto a prevalencia de la Resolución",OCR,,lenguaje explícito de obligación/medida/previsión + término ambiental en la misma unidad textual,Texto obtenido por OCR; verificar visualmente la cita antes de publicación.
COM188,plan de gestión,procedimiento/compromiso de gestión del proponente,,construcción,"O- Bandejas de contención SEÑALIZACIÓN Se utilizará la cartelería necesaria para dar aviso en zonas de riesgo (acopio de sustancias, acopio de cementos, et REGISTROS Se deberán registrar los volúmenes consumidos en obra, detallando: fecha de ingreso, tipo de producto, volumen, proveedor.",,,,,,Eleanor Applications S.R.L. / documentación del proponente,DINACEA,Plan-de-Gestion-Ambiental-de-Construccion.pdf,31,,,"O- Bandejas de contención SEÑALIZACIÓN Se utilizará la cartelería necesaria para dar aviso en zonas de riesgo (acopio de sustancias, acopio de cementos, et REGISTROS Se deberán registrar los volúmenes consumidos en obra, detallando: fecha de ingreso, tipo de producto, volumen, proveedor.","potencialmente incorporado por referencia por Res. 644/2024, num. 1.a; sujeto a prevalencia de la Resolución",OCR,,lenguaje explícito de obligación/medida/previsión + término ambiental en la misma unidad textual,Texto obtenido por OCR; verificar visualmente la cita antes de publicación.
COM189,plan de gestión,procedimiento/compromiso de gestión del proponente,,construcción,"O_ Secontará con los certificados de habilitación nacional y departamental vigentes. (© Se asegurará que los vehículos y maquinarias utilizadas en la obra cumplan con los , reglamentos de seguridad y emisiones de gases y partículas, a fin de protegerla integridad y la vida de las personas y evitar la contaminación. © Siempre que las tareas estén detenidas se deberán apagar las maquinarias. (© Seacatarán los planes de mantenimientos rutinarios de cada marca-modelo de maquinaria y vehículos afectados a obra.",,,,,,Eleanor Applications S.R.L. / documentación del proponente,DINACEA,Plan-de-Gestion-Ambiental-de-Construccion.pdf,32,,,"O_ Secontará con los certificados de habilitación nacional y departamental vigentes. (© Se asegurará que los vehículos y maquinarias utilizadas en la obra cumplan con los , reglamentos de seguridad y emisiones de gases y partículas, a fin de protegerla integridad y la vida de las personas y evitar la contaminación. © Siempre que las tareas estén detenidas se deberán apagar las maquinarias. (© Seacatarán los planes de mantenimientos rutinarios de cada marca-modelo de maquinaria y vehículos afectados a obra.","potencialmente incorporado por referencia por Res. 644/2024, num. 1.a; sujeto a prevalencia de la Resolución",OCR,,lenguaje explícito de obligación/medida/previsión + término ambiental en la misma unidad textual,Texto obtenido por OCR; verificar visualmente la cita antes de publicación.
COM190,plan de gestión,procedimiento/compromiso de gestión del proponente,agua,construcción,"Lavado Queda estrictamente prohibido lavar maquinaría y/o vehículos sobre lecho o cauces de cuerpos de agua El lavado de herramientas, vehículos y maquinaria se realizará únicamente en los puntos destinados para tal fin o en lavaderos habilitados externos.",,,,,,Eleanor Applications S.R.L. / documentación del proponente,DINACEA,Plan-de-Gestion-Ambiental-de-Construccion.pdf,32,,,"Lavado Queda estrictamente prohibido lavar maquinaría y/o vehículos sobre lecho o cauces de cuerpos de agua El lavado de herramientas, vehículos y maquinaria se realizará únicamente en los puntos destinados para tal fin o en lavaderos habilitados externos.","potencialmente incorporado por referencia por Res. 644/2024, num. 1.a; sujeto a prevalencia de la Resolución",OCR,,lenguaje explícito de obligación/medida/previsión + término ambiental en la misma unidad textual,Texto obtenido por OCR; verificar visualmente la cita antes de publicación.
COM191,plan de gestión,procedimiento/compromiso de gestión del proponente,,construcción,"O_ En el caso en que se acopien sustancias peligrosas se deberá cumplir con el procedi correspondiente. © Equipamiento necesario para la actuación ante contingencias (PR COS10 Procedimiento para actuación ante derrames, PR CO520 Procedimiento para actuación ante incendios).",,,,,,Eleanor Applications S.R.L. / documentación del proponente,DINACEA,Plan-de-Gestion-Ambiental-de-Construccion.pdf,32,,,"O_ En el caso en que se acopien sustancias peligrosas se deberá cumplir con el procedi correspondiente. © Equipamiento necesario para la actuación ante contingencias (PR COS10 Procedimiento para actuación ante derrames, PR CO520 Procedimiento para actuación ante incendios).","potencialmente incorporado por referencia por Res. 644/2024, num. 1.a; sujeto a prevalencia de la Resolución",OCR,,lenguaje explícito de obligación/medida/previsión + término ambiental en la misma unidad textual,Texto obtenido por OCR; verificar visualmente la cita antes de publicación.
COM192,plan de gestión,procedimiento/compromiso de gestión del proponente,,construcción,"REGISTROS Se deberán registrar los mantenimientos realizados a la maquinaria afectada a la obra, detallando: fecha, maquinaria/vehiculo, descripción del mantenimiento, lugar en donde se realizó el mantenimiento, residuos generados en la actividad y descripción de la gestión de dichos residuos.",,,,,,Eleanor Applications S.R.L. / documentación del proponente,DINACEA,Plan-de-Gestion-Ambiental-de-Construccion.pdf,33,,,"REGISTROS Se deberán registrar los mantenimientos realizados a la maquinaria afectada a la obra, detallando: fecha, maquinaria/vehiculo, descripción del mantenimiento, lugar en donde se realizó el mantenimiento, residuos generados en la actividad y descripción de la gestión de dichos residuos.","potencialmente incorporado por referencia por Res. 644/2024, num. 1.a; sujeto a prevalencia de la Resolución",OCR,,lenguaje explícito de obligación/medida/previsión + término ambiental en la misma unidad textual,Texto obtenido por OCR; verificar visualmente la cita antes de publicación.
COM193,plan de gestión,procedimiento/compromiso de gestión del proponente,residuos,construcción,"DEFINICIONES Se entiende por residuo o desecho a las sustancias, materiales u objetos, de los cuales alguien se desprende o da disposición final, o se propone o está obligado a desprenderse o darle disposición final (Ley 19.829 Gestión Integral de Residuos).",,,,,,Eleanor Applications S.R.L. / documentación del proponente,DINACEA,Plan-de-Gestion-Ambiental-de-Construccion.pdf,33,,,"DEFINICIONES Se entiende por residuo o desecho a las sustancias, materiales u objetos, de los cuales alguien se desprende o da disposición final, o se propone o está obligado a desprenderse o darle disposición final (Ley 19.829 Gestión Integral de Residuos).","potencialmente incorporado por referencia por Res. 644/2024, num. 1.a; sujeto a prevalencia de la Resolución",OCR,,lenguaje explícito de obligación/medida/previsión + término ambiental en la misma unidad textual,Texto obtenido por OCR; verificar visualmente la cita antes de publicación.
COM194,plan de gestión,procedimiento/compromiso de gestión del proponente,,construcción,"El contenido de dichos recipientes se retirará luna vez que la capacidad de este se vea colmada o con una frecuencia máxima de 48 Hs, siendo trasladado al punto de almacenamiento transitorio. @ o ingen en la. estudio ingeneria ambiental 2 Primera firma:",,,,,,Eleanor Applications S.R.L. / documentación del proponente,DINACEA,Plan-de-Gestion-Ambiental-de-Construccion.pdf,33,,,"El contenido de dichos recipientes se retirará luna vez que la capacidad de este se vea colmada o con una frecuencia máxima de 48 Hs, siendo trasladado al punto de almacenamiento transitorio. @ o ingen en la. estudio ingeneria ambiental 2 Primera firma:","potencialmente incorporado por referencia por Res. 644/2024, num. 1.a; sujeto a prevalencia de la Resolución",OCR,,lenguaje explícito de obligación/medida/previsión + término ambiental en la misma unidad textual,Texto obtenido por OCR; verificar visualmente la cita antes de publicación.
COM195,plan de gestión,procedimiento/compromiso de gestión del proponente,,construcción,"INFRAESTRUCTURA/EQUIPAMIENTO Para la gestión de los residuos asimilables a domiciliarios se requerirá el O Recipientes con tapa y bolsas plásticas. (© Para el almacenamiento se utilizará un recipiente con tapa cuyas dimensiones permita el acopio de los residuos asimilables a domiciliarios por periodos mayores a 43 hs, y cuyo ‘material permita su limpieza, En caso de no contar con recipientes se deberá almacenar sobre piso impermeable cuyo material permita su posterior limpieza. ente equipamiento:",,,,,,Eleanor Applications S.R.L. / documentación del proponente,DINACEA,Plan-de-Gestion-Ambiental-de-Construccion.pdf,34,,,"INFRAESTRUCTURA/EQUIPAMIENTO Para la gestión de los residuos asimilables a domiciliarios se requerirá el O Recipientes con tapa y bolsas plásticas. (© Para el almacenamiento se utilizará un recipiente con tapa cuyas dimensiones permita el acopio de los residuos asimilables a domiciliarios por periodos mayores a 43 hs, y cuyo ‘material permita su limpieza, En caso de no contar con recipientes se deberá almacenar sobre piso impermeable cuyo material permita su posterior limpieza. ente equipamiento:","potencialmente incorporado por referencia por Res. 644/2024, num. 1.a; sujeto a prevalencia de la Resolución",OCR,,lenguaje explícito de obligación/medida/previsión + término ambiental en la misma unidad textual,Texto obtenido por OCR; verificar visualmente la cita antes de publicación.
COM196,plan de gestión,procedimiento/compromiso de gestión del proponente,residuos,construcción,"ELEANOR APPLICATIONS SRL proYecro esos DEFINICIONES Se entiende por residuo o desecho a las sustancias, materiales u objetos, de los cuales alguien se desprende o da disposición final, o se propone o está obligado a desprenderse o darle disposición final (Ley 19.829 Gestión Integral de Residuos).",,,,,,Eleanor Applications S.R.L. / documentación del proponente,DINACEA,Plan-de-Gestion-Ambiental-de-Construccion.pdf,35,,,"ELEANOR APPLICATIONS SRL proYecro esos DEFINICIONES Se entiende por residuo o desecho a las sustancias, materiales u objetos, de los cuales alguien se desprende o da disposición final, o se propone o está obligado a desprenderse o darle disposición final (Ley 19.829 Gestión Integral de Residuos).","potencialmente incorporado por referencia por Res. 644/2024, num. 1.a; sujeto a prevalencia de la Resolución",OCR,,lenguaje explícito de obligación/medida/previsión + término ambiental en la misma unidad textual,Texto obtenido por OCR; verificar visualmente la cita antes de publicación.
COM197,plan de gestión,procedimiento/compromiso de gestión del proponente,,construcción,"O No se podrán encontrar otro tipo de residuos (asimilables a domiciliarios, peligrosos, especiales) en el acopio de ROCs.",,,,,,Eleanor Applications S.R.L. / documentación del proponente,DINACEA,Plan-de-Gestion-Ambiental-de-Construccion.pdf,35,,,"O No se podrán encontrar otro tipo de residuos (asimilables a domiciliarios, peligrosos, especiales) en el acopio de ROCs.","potencialmente incorporado por referencia por Res. 644/2024, num. 1.a; sujeto a prevalencia de la Resolución",OCR,,lenguaje explícito de obligación/medida/previsión + término ambiental en la misma unidad textual,Texto obtenido por OCR; verificar visualmente la cita antes de publicación.
COM198,plan de gestión,procedimiento/compromiso de gestión del proponente,generadores_combustible; residuos; social_salud,construcción,"Recolección y transporte propio Cuando la recolección y transporte de los residuos de construcción sea realizada por el contratista se cumplirán con: © Las normas de tránsito respecto a los vehículos y conductores. (© Gircularcon información de la carga, donde se identifique el vehículo, el generador, el residuo y el destino.",,,,,,Eleanor Applications S.R.L. / documentación del proponente,DINACEA,Plan-de-Gestion-Ambiental-de-Construccion.pdf,35,,,"Recolección y transporte propio Cuando la recolección y transporte de los residuos de construcción sea realizada por el contratista se cumplirán con: © Las normas de tránsito respecto a los vehículos y conductores. (© Gircularcon información de la carga, donde se identifique el vehículo, el generador, el residuo y el destino.","potencialmente incorporado por referencia por Res. 644/2024, num. 1.a; sujeto a prevalencia de la Resolución",OCR,,lenguaje explícito de obligación/medida/previsión + término ambiental en la misma unidad textual,Texto obtenido por OCR; verificar visualmente la cita antes de publicación.
COM199,plan de gestión,procedimiento/compromiso de gestión del proponente,residuos,construcción,"DEFINICIONES Se entiende por residuo o desecho a las sustancias, materiales u objetos, de los cuales alguien se desprende o da disposición final, o se propone o está obligado a desprenderse o darle disposición final (Ley 19.829 Gestión Integral de Residuos).",,,,,,Eleanor Applications S.R.L. / documentación del proponente,DINACEA,Plan-de-Gestion-Ambiental-de-Construccion.pdf,36,,,"DEFINICIONES Se entiende por residuo o desecho a las sustancias, materiales u objetos, de los cuales alguien se desprende o da disposición final, o se propone o está obligado a desprenderse o darle disposición final (Ley 19.829 Gestión Integral de Residuos).","potencialmente incorporado por referencia por Res. 644/2024, num. 1.a; sujeto a prevalencia de la Resolución",OCR,,lenguaje explícito de obligación/medida/previsión + término ambiental en la misma unidad textual,Texto obtenido por OCR; verificar visualmente la cita antes de publicación.
COM200,plan de gestión,procedimiento/compromiso de gestión del proponente,,construcción,"En el acopio transitorio se contará con los elementos necesarios para asegurar la lasificación antes mencionada (tanques, cartelería) © Losenvases de sustancias peligrosas yotros residuos peligrosos deberán acopiarseentanques. de 200 Lo como unidades independientes (dependiendo del tamaño). © Lostrapos y suelos contaminados deberán acopiarse en bolsas plásticas o tanques de 2001. © Los descartes de sustancias pellgrosas (aditivos, pinturas, solventes, etc) permanecerán en sus envases originales serán acopiados en tanques de 200 L por producto.",,,,,,Eleanor Applications S.R.L. / documentación del proponente,DINACEA,Plan-de-Gestion-Ambiental-de-Construccion.pdf,37,,,"En el acopio transitorio se contará con los elementos necesarios para asegurar la lasificación antes mencionada (tanques, cartelería) © Losenvases de sustancias peligrosas yotros residuos peligrosos deberán acopiarseentanques. de 200 Lo como unidades independientes (dependiendo del tamaño). © Lostrapos y suelos contaminados deberán acopiarse en bolsas plásticas o tanques de 2001. © Los descartes de sustancias pellgrosas (aditivos, pinturas, solventes, etc) permanecerán en sus envases originales serán acopiados en tanques de 200 L por producto.","potencialmente incorporado por referencia por Res. 644/2024, num. 1.a; sujeto a prevalencia de la Resolución",OCR,,lenguaje explícito de obligación/medida/previsión + término ambiental en la misma unidad textual,Texto obtenido por OCR; verificar visualmente la cita antes de publicación.
COM201,plan de gestión,procedimiento/compromiso de gestión del proponente,generadores_combustible,construcción,No se podrán mezclar sustancias diferentes en un mismo tanque. (© Losaceites usados deberán acopiarse en tanques de 200 Lo bins de 1.000 L dependiendo de la capacidad de generación.,,,,,,Eleanor Applications S.R.L. / documentación del proponente,DINACEA,Plan-de-Gestion-Ambiental-de-Construccion.pdf,37,,,No se podrán mezclar sustancias diferentes en un mismo tanque. (© Losaceites usados deberán acopiarse en tanques de 200 Lo bins de 1.000 L dependiendo de la capacidad de generación.,"potencialmente incorporado por referencia por Res. 644/2024, num. 1.a; sujeto a prevalencia de la Resolución",OCR,,lenguaje explícito de obligación/medida/previsión + término ambiental en la misma unidad textual,Texto obtenido por OCR; verificar visualmente la cita antes de publicación.
COM202,plan de gestión,procedimiento/compromiso de gestión del proponente,agua,construcción,En ambos casos es importante que el depósito cuente con tapa = que permita su estanqueidad. © Las baterías se acopiarán sobre bandejas de contención no metálicas y con los bornes aislados. © Los neumáticos deberán acopiarse de forma tal que no cumulen agua en su interior (uso de lona plástica o releno de arena). © Los elementos que contengan amianto deberán ser manipulados con extremo cuidado y el trabajador deberá contar con todos los EPPs necesarios para su protección.,,,,,,Eleanor Applications S.R.L. / documentación del proponente,DINACEA,Plan-de-Gestion-Ambiental-de-Construccion.pdf,37,,,En ambos casos es importante que el depósito cuente con tapa = que permita su estanqueidad. © Las baterías se acopiarán sobre bandejas de contención no metálicas y con los bornes aislados. © Los neumáticos deberán acopiarse de forma tal que no cumulen agua en su interior (uso de lona plástica o releno de arena). © Los elementos que contengan amianto deberán ser manipulados con extremo cuidado y el trabajador deberá contar con todos los EPPs necesarios para su protección.,"potencialmente incorporado por referencia por Res. 644/2024, num. 1.a; sujeto a prevalencia de la Resolución",OCR,,lenguaje explícito de obligación/medida/previsión + término ambiental en la misma unidad textual,Texto obtenido por OCR; verificar visualmente la cita antes de publicación.
COM203,plan de gestión,procedimiento/compromiso de gestión del proponente,,construcción,ELEANOR APPLICATIONS SRL PROYECTO TEROS Se realizará la contratación de empresas autorizadas por DINACEA para el transporte y disposición de residuos peligrosos y especiales.,,,,,,Eleanor Applications S.R.L. / documentación del proponente,DINACEA,Plan-de-Gestion-Ambiental-de-Construccion.pdf,38,,,ELEANOR APPLICATIONS SRL PROYECTO TEROS Se realizará la contratación de empresas autorizadas por DINACEA para el transporte y disposición de residuos peligrosos y especiales.,"potencialmente incorporado por referencia por Res. 644/2024, num. 1.a; sujeto a prevalencia de la Resolución",OCR,,lenguaje explícito de obligación/medida/previsión + término ambiental en la misma unidad textual,Texto obtenido por OCR; verificar visualmente la cita antes de publicación.
COM204,plan de gestión,procedimiento/compromiso de gestión del proponente,,construcción,INFRAESTRUCTURA/EQUIPAMIENTO Se deberá acondicionar un área para el acopio de los residuos peligroso y especiales.,,,,,,Eleanor Applications S.R.L. / documentación del proponente,DINACEA,Plan-de-Gestion-Ambiental-de-Construccion.pdf,38,,,INFRAESTRUCTURA/EQUIPAMIENTO Se deberá acondicionar un área para el acopio de los residuos peligroso y especiales.,"potencialmente incorporado por referencia por Res. 644/2024, num. 1.a; sujeto a prevalencia de la Resolución",OCR,,lenguaje explícito de obligación/medida/previsión + término ambiental en la misma unidad textual,Texto obtenido por OCR; verificar visualmente la cita antes de publicación.
COM205,plan de gestión,procedimiento/compromiso de gestión del proponente,residuos,construcción,Cada subcategoría de residuo se acopiará dentro de tanques de 200 Lo bins y estos se colocan en el área acondicionada para el acopio sobre bandejas de contención.,,,,,,Eleanor Applications S.R.L. / documentación del proponente,DINACEA,Plan-de-Gestion-Ambiental-de-Construccion.pdf,38,,,Cada subcategoría de residuo se acopiará dentro de tanques de 200 Lo bins y estos se colocan en el área acondicionada para el acopio sobre bandejas de contención.,"potencialmente incorporado por referencia por Res. 644/2024, num. 1.a; sujeto a prevalencia de la Resolución",OCR,,lenguaje explícito de obligación/medida/previsión + término ambiental en la misma unidad textual,Texto obtenido por OCR; verificar visualmente la cita antes de publicación.
COM206,plan de gestión,procedimiento/compromiso de gestión del proponente,,construcción,"Se contará con un recinto para el acopio de residuos especiales y peligrosos, que cumpla con las siguientes características:",,,,,,Eleanor Applications S.R.L. / documentación del proponente,DINACEA,Plan-de-Gestion-Ambiental-de-Construccion.pdf,38,,,"Se contará con un recinto para el acopio de residuos especiales y peligrosos, que cumpla con las siguientes características:","potencialmente incorporado por referencia por Res. 644/2024, num. 1.a; sujeto a prevalencia de la Resolución",OCR,,lenguaje explícito de obligación/medida/previsión + término ambiental en la misma unidad textual,Texto obtenido por OCR; verificar visualmente la cita antes de publicación.
COM207,plan de gestión,procedimiento/compromiso de gestión del proponente,gei_clima; peligrosos_baterias,construcción,Dentro del recinto o en un área inmediata al mismo se instalarán los elementos necesarios para actuar ante posibles contingencias: kit de actuación ante derrame y elementos de actuación en caso de incendio.,,,,,,Eleanor Applications S.R.L. / documentación del proponente,DINACEA,Plan-de-Gestion-Ambiental-de-Construccion.pdf,38,,,Dentro del recinto o en un área inmediata al mismo se instalarán los elementos necesarios para actuar ante posibles contingencias: kit de actuación ante derrame y elementos de actuación en caso de incendio.,"potencialmente incorporado por referencia por Res. 644/2024, num. 1.a; sujeto a prevalencia de la Resolución",OCR,,lenguaje explícito de obligación/medida/previsión + término ambiental en la misma unidad textual,Texto obtenido por OCR; verificar visualmente la cita antes de publicación.
COM208,plan de gestión,procedimiento/compromiso de gestión del proponente,,construcción,150 de malla metálica). o o 9000 Los residuos peligrosos se acopiarán dentro del recinto respetando la clasificación antes mencionada fen tanques de 200 L o bins.,,,,,,Eleanor Applications S.R.L. / documentación del proponente,DINACEA,Plan-de-Gestion-Ambiental-de-Construccion.pdf,38,,,150 de malla metálica). o o 9000 Los residuos peligrosos se acopiarán dentro del recinto respetando la clasificación antes mencionada fen tanques de 200 L o bins.,"potencialmente incorporado por referencia por Res. 644/2024, num. 1.a; sujeto a prevalencia de la Resolución",OCR,,lenguaje explícito de obligación/medida/previsión + término ambiental en la misma unidad textual,Texto obtenido por OCR; verificar visualmente la cita antes de publicación.
COM209,plan de gestión,procedimiento/compromiso de gestión del proponente,generadores_combustible,construcción,"Cada tanque, bidón o envase contará con etiqueta visible que indique su contenido, Llevarán el código del catálogo de productos Peligrosos de DINACEA. e000 REGISTROS (Gia estudio ingeniería ambiental S Primera firma:",,,,,,Eleanor Applications S.R.L. / documentación del proponente,DINACEA,Plan-de-Gestion-Ambiental-de-Construccion.pdf,38,,,"Cada tanque, bidón o envase contará con etiqueta visible que indique su contenido, Llevarán el código del catálogo de productos Peligrosos de DINACEA. e000 REGISTROS (Gia estudio ingeniería ambiental S Primera firma:","potencialmente incorporado por referencia por Res. 644/2024, num. 1.a; sujeto a prevalencia de la Resolución",OCR,,lenguaje explícito de obligación/medida/previsión + término ambiental en la misma unidad textual,Texto obtenido por OCR; verificar visualmente la cita antes de publicación.
COM210,plan de gestión,procedimiento/compromiso de gestión del proponente,mitigacion_monitoreo,construcción,"DESARROLLO ~ Acopio transitorio dentro de la obra © El acopio estaré libre de residuos de cualquier indole. © Elacopio estará ubicado de forma tal de no interferir con el tréfico peatonal y/o vehicular. © Siserequierela ubicación de patios de almacenamiento temporal para el manejo del material de excavación, se construirán canales perimetrales con sus respectivas estructuras para el control de la erosión.",,,,,,Eleanor Applications S.R.L. / documentación del proponente,DINACEA,Plan-de-Gestion-Ambiental-de-Construccion.pdf,39,,,"DESARROLLO ~ Acopio transitorio dentro de la obra © El acopio estaré libre de residuos de cualquier indole. © Elacopio estará ubicado de forma tal de no interferir con el tréfico peatonal y/o vehicular. © Siserequierela ubicación de patios de almacenamiento temporal para el manejo del material de excavación, se construirán canales perimetrales con sus respectivas estructuras para el control de la erosión.","potencialmente incorporado por referencia por Res. 644/2024, num. 1.a; sujeto a prevalencia de la Resolución",OCR,,lenguaje explícito de obligación/medida/previsión + término ambiental en la misma unidad textual,Texto obtenido por OCR; verificar visualmente la cita antes de publicación.
COM211,plan de gestión,procedimiento/compromiso de gestión del proponente,agua; biodiversidad_suelo,construcción,"Proteglendo los materiales sobrantes con elementos como lonas impermeables o mallas, evitando la acción erosiva del agua y del viento, y garantizando su permanencia. © La capa orgánica de suelo se almacenará en pilas cuya altura no altere su estructura garantizada su humedad.",,,,,,Eleanor Applications S.R.L. / documentación del proponente,DINACEA,Plan-de-Gestion-Ambiental-de-Construccion.pdf,39,,,"Proteglendo los materiales sobrantes con elementos como lonas impermeables o mallas, evitando la acción erosiva del agua y del viento, y garantizando su permanencia. © La capa orgánica de suelo se almacenará en pilas cuya altura no altere su estructura garantizada su humedad.","potencialmente incorporado por referencia por Res. 644/2024, num. 1.a; sujeto a prevalencia de la Resolución",OCR,,lenguaje explícito de obligación/medida/previsión + término ambiental en la misma unidad textual,Texto obtenido por OCR; verificar visualmente la cita antes de publicación.
COM212,plan de gestión,procedimiento/compromiso de gestión del proponente,,construcción,"Clasificación Deberá segregarse el material en: apto para leña y no utilizable (follaje, arbustivo, tocones), ‘Se deberá verificar que los restos no contengan especies invasora que puedan diseminarse mediante el acopio transitorio de los restos o por una disposición no adecuada, Acopio transitorio Se acopiará el material respetando la segregación antes descrita, y cumpliendo las siguientes condiciones:",,,,,,Eleanor Applications S.R.L. / documentación del proponente,DINACEA,Plan-de-Gestion-Ambiental-de-Construccion.pdf,40,,,"Clasificación Deberá segregarse el material en: apto para leña y no utilizable (follaje, arbustivo, tocones), ‘Se deberá verificar que los restos no contengan especies invasora que puedan diseminarse mediante el acopio transitorio de los restos o por una disposición no adecuada, Acopio transitorio Se acopiará el material respetando la segregación antes descrita, y cumpliendo las siguientes condiciones:","potencialmente incorporado por referencia por Res. 644/2024, num. 1.a; sujeto a prevalencia de la Resolución",OCR,,lenguaje explícito de obligación/medida/previsión + término ambiental en la misma unidad textual,Texto obtenido por OCR; verificar visualmente la cita antes de publicación.
COM213,plan de gestión,procedimiento/compromiso de gestión del proponente,agua; efluentes; biodiversidad_suelo,construcción,"Fosa séptica — Pozo Impermeable La fosa séptica-pozo impermeable se construirá respetando las siguientes distancias: ‘A más de 1,5m de las construcciones A más de 3 m de árboles y redes publicas ‘A más de 15 m de pozos de agua o cuerpos de agua de cualquier naturaleza A más de 10 m del deslinde La instalación será completamente impermeable, quedando prohibida 1 efluente en suelo o descarga en cuerpos de agua.",,,,,,Eleanor Applications S.R.L. / documentación del proponente,DINACEA,Plan-de-Gestion-Ambiental-de-Construccion.pdf,41,,,"Fosa séptica — Pozo Impermeable La fosa séptica-pozo impermeable se construirá respetando las siguientes distancias: ‘A más de 1,5m de las construcciones A más de 3 m de árboles y redes publicas ‘A más de 15 m de pozos de agua o cuerpos de agua de cualquier naturaleza A más de 10 m del deslinde La instalación será completamente impermeable, quedando prohibida 1 efluente en suelo o descarga en cuerpos de agua.","potencialmente incorporado por referencia por Res. 644/2024, num. 1.a; sujeto a prevalencia de la Resolución",OCR,,lenguaje explícito de obligación/medida/previsión + término ambiental en la misma unidad textual,Texto obtenido por OCR; verificar visualmente la cita antes de publicación.
COM214,plan de gestión,procedimiento/compromiso de gestión del proponente,efluentes,construcción,Disposición final del efluente O_ La empresa barométrica utilizada deberá contar con las autorizaciones correspondientes ante la Intendencia que corresponda. © Los baños químicos serán limpiados por la empresa proveedora que deberá tener permiso municipal.,,,,,,Eleanor Applications S.R.L. / documentación del proponente,DINACEA,Plan-de-Gestion-Ambiental-de-Construccion.pdf,41,,,Disposición final del efluente O_ La empresa barométrica utilizada deberá contar con las autorizaciones correspondientes ante la Intendencia que corresponda. © Los baños químicos serán limpiados por la empresa proveedora que deberá tener permiso municipal.,"potencialmente incorporado por referencia por Res. 644/2024, num. 1.a; sujeto a prevalencia de la Resolución",OCR,,lenguaje explícito de obligación/medida/previsión + término ambiental en la misma unidad textual,Texto obtenido por OCR; verificar visualmente la cita antes de publicación.
COM215,plan de gestión,procedimiento/compromiso de gestión del proponente,agua; efluentes,construcción,"DESARROLLO Toda herramienta o maquinaria en contacto con hormigones y mezclas será lavada en un sistema que cuenta con un área de lavado, cámaras de decantación y cámara de tratamiento del efluente A-Pileta de lavado ‘© Se construirá un sistema compuesto por una rampa que ofiiará de pileta de lavado de mixer, dos cámaras de decantación y una de tratamiento. ‘© Se instalará una toma de agua en su proximidad para proceder al lavado.",,,,,,Eleanor Applications S.R.L. / documentación del proponente,DINACEA,Plan-de-Gestion-Ambiental-de-Construccion.pdf,42,,,"DESARROLLO Toda herramienta o maquinaria en contacto con hormigones y mezclas será lavada en un sistema que cuenta con un área de lavado, cámaras de decantación y cámara de tratamiento del efluente A-Pileta de lavado ‘© Se construirá un sistema compuesto por una rampa que ofiiará de pileta de lavado de mixer, dos cámaras de decantación y una de tratamiento. ‘© Se instalará una toma de agua en su proximidad para proceder al lavado.","potencialmente incorporado por referencia por Res. 644/2024, num. 1.a; sujeto a prevalencia de la Resolución",OCR,,lenguaje explícito de obligación/medida/previsión + término ambiental en la misma unidad textual,Texto obtenido por OCR; verificar visualmente la cita antes de publicación.
COM216,plan de gestión,procedimiento/compromiso de gestión del proponente,generadores_combustible,construcción,RE 8 Imagen lutratva y esquema del sitema de ptas y cámaras BsSistema de tanques IBC Se construirá una pileta de lavado con un sistema con 2 tanques IBC y un tanque de 200L.,,,,,,Eleanor Applications S.R.L. / documentación del proponente,DINACEA,Plan-de-Gestion-Ambiental-de-Construccion.pdf,42,,,RE 8 Imagen lutratva y esquema del sitema de ptas y cámaras BsSistema de tanques IBC Se construirá una pileta de lavado con un sistema con 2 tanques IBC y un tanque de 200L.,"potencialmente incorporado por referencia por Res. 644/2024, num. 1.a; sujeto a prevalencia de la Resolución",OCR,,lenguaje explícito de obligación/medida/previsión + término ambiental en la misma unidad textual,Texto obtenido por OCR; verificar visualmente la cita antes de publicación.
COM217,plan de gestión,procedimiento/compromiso de gestión del proponente,efluentes,construcción,En este último se realizará la medición de pH y el tratamiento del efluente si así fuese necesario.,,,,,,Eleanor Applications S.R.L. / documentación del proponente,DINACEA,Plan-de-Gestion-Ambiental-de-Construccion.pdf,42,,,En este último se realizará la medición de pH y el tratamiento del efluente si así fuese necesario.,"potencialmente incorporado por referencia por Res. 644/2024, num. 1.a; sujeto a prevalencia de la Resolución",OCR,,lenguaje explícito de obligación/medida/previsión + término ambiental en la misma unidad textual,Texto obtenido por OCR; verificar visualmente la cita antes de publicación.
COM218,plan de gestión,procedimiento/compromiso de gestión del proponente,generadores_combustible; mitigacion_monitoreo,construcción,"671 PLAN DE GESTIÓN AMBIENTAL DE CONSTRUCCIÓN ELEANOR APPLICATIONS SRL PROYECTO TEROS Imagen iustativ de sistema de tanques IBC Csistema de tres tanques Se construlrá un sistema compuesto por tres tanques de 200 L cada uno, En el primer tanque se realizará el lavado y se dejará asentar algunas horas.",,,,,,Eleanor Applications S.R.L. / documentación del proponente,DINACEA,Plan-de-Gestion-Ambiental-de-Construccion.pdf,43,,,"671 PLAN DE GESTIÓN AMBIENTAL DE CONSTRUCCIÓN ELEANOR APPLICATIONS SRL PROYECTO TEROS Imagen iustativ de sistema de tanques IBC Csistema de tres tanques Se construlrá un sistema compuesto por tres tanques de 200 L cada uno, En el primer tanque se realizará el lavado y se dejará asentar algunas horas.","potencialmente incorporado por referencia por Res. 644/2024, num. 1.a; sujeto a prevalencia de la Resolución",OCR,,lenguaje explícito de obligación/medida/previsión + término ambiental en la misma unidad textual,Texto obtenido por OCR; verificar visualmente la cita antes de publicación.
COM219,plan de gestión,procedimiento/compromiso de gestión del proponente,efluentes,construcción,En este último se realizará la medición de pH y el tratamiento del efluente si así fuese necesario.,,,,,,Eleanor Applications S.R.L. / documentación del proponente,DINACEA,Plan-de-Gestion-Ambiental-de-Construccion.pdf,43,,,En este último se realizará la medición de pH y el tratamiento del efluente si así fuese necesario.,"potencialmente incorporado por referencia por Res. 644/2024, num. 1.a; sujeto a prevalencia de la Resolución",OCR,,lenguaje explícito de obligación/medida/previsión + término ambiental en la misma unidad textual,Texto obtenido por OCR; verificar visualmente la cita antes de publicación.
COM220,plan de gestión,procedimiento/compromiso de gestión del proponente,,construcción,Para ello se utilizarán los indicadores que varían visiblemente de color en función del pH del medio en que estén dispuestos.,,,,,,Eleanor Applications S.R.L. / documentación del proponente,DINACEA,Plan-de-Gestion-Ambiental-de-Construccion.pdf,43,,,Para ello se utilizarán los indicadores que varían visiblemente de color en función del pH del medio en que estén dispuestos.,"potencialmente incorporado por referencia por Res. 644/2024, num. 1.a; sujeto a prevalencia de la Resolución",OCR,,lenguaje explícito de obligación/medida/previsión + término ambiental en la misma unidad textual,Texto obtenido por OCR; verificar visualmente la cita antes de publicación.
COM221,plan de gestión,procedimiento/compromiso de gestión del proponente,efluentes,construcción,"Sólidos sedimentables Una vez construido y puesto en funcionamiento el sistema de tratamiento de efluentes, se verificará la eficiencia del sistema de sedimentación mediante el muestreo del efluente bruto y final para verificar el cumplimiento del estándar de sólidos sedimentables del decreto 253/79 para vertido a colector (hasta 10 mL/L determinados en cono Imhoff en una hora).",,,,,,Eleanor Applications S.R.L. / documentación del proponente,DINACEA,Plan-de-Gestion-Ambiental-de-Construccion.pdf,43,,,"Sólidos sedimentables Una vez construido y puesto en funcionamiento el sistema de tratamiento de efluentes, se verificará la eficiencia del sistema de sedimentación mediante el muestreo del efluente bruto y final para verificar el cumplimiento del estándar de sólidos sedimentables del decreto 253/79 para vertido a colector (hasta 10 mL/L determinados en cono Imhoff en una hora).","potencialmente incorporado por referencia por Res. 644/2024, num. 1.a; sujeto a prevalencia de la Resolución",OCR,,lenguaje explícito de obligación/medida/previsión + término ambiental en la misma unidad textual,Texto obtenido por OCR; verificar visualmente la cita antes de publicación.
COM222,plan de gestión,procedimiento/compromiso de gestión del proponente,agua,construcción,En caso de infltraro al terreno deberá cumplir con las siguientes premisas: © Solose podrá hacer en zonas rurales. © Distancia mínima a curso de agua o pozo manantial 50 m. © Distancia mínima a medianeras 10 m.,,,,,,Eleanor Applications S.R.L. / documentación del proponente,DINACEA,Plan-de-Gestion-Ambiental-de-Construccion.pdf,44,,,En caso de infltraro al terreno deberá cumplir con las siguientes premisas: © Solose podrá hacer en zonas rurales. © Distancia mínima a curso de agua o pozo manantial 50 m. © Distancia mínima a medianeras 10 m.,"potencialmente incorporado por referencia por Res. 644/2024, num. 1.a; sujeto a prevalencia de la Resolución",OCR,,lenguaje explícito de obligación/medida/previsión + término ambiental en la misma unidad textual,Texto obtenido por OCR; verificar visualmente la cita antes de publicación.
COM223,plan de gestión,procedimiento/compromiso de gestión del proponente,efluentes,construcción,"Además, se registrarán las mediciones de pH y los tratamientos del efluente, describiendo: fecha, medición de pH inicial, volumen agregado de ácido, pH final, sitio de disposición del efluente tratado.",,,,,,Eleanor Applications S.R.L. / documentación del proponente,DINACEA,Plan-de-Gestion-Ambiental-de-Construccion.pdf,44,,,"Además, se registrarán las mediciones de pH y los tratamientos del efluente, describiendo: fecha, medición de pH inicial, volumen agregado de ácido, pH final, sitio de disposición del efluente tratado.","potencialmente incorporado por referencia por Res. 644/2024, num. 1.a; sujeto a prevalencia de la Resolución",OCR,,lenguaje explícito de obligación/medida/previsión + término ambiental en la misma unidad textual,Texto obtenido por OCR; verificar visualmente la cita antes de publicación.
COM224,plan de gestión,procedimiento/compromiso de gestión del proponente,ruido,construcción,"DEFINICIÓN El nivel de presión sonora es una medida de la intensidad del sonido que se mide en decibelios (dB), DESARROLLO Identificación de fuentes Por las características de las principales actividades se deben: (© Identificar las fuentes de emisoras de ruido (© Presencia del personal y receptores potencialmente afectados Gestión Para minimizar este efecto se procederá de la siguiente manera:",,,,,,Eleanor Applications S.R.L. / documentación del proponente,DINACEA,Plan-de-Gestion-Ambiental-de-Construccion.pdf,45,,,"DEFINICIÓN El nivel de presión sonora es una medida de la intensidad del sonido que se mide en decibelios (dB), DESARROLLO Identificación de fuentes Por las características de las principales actividades se deben: (© Identificar las fuentes de emisoras de ruido (© Presencia del personal y receptores potencialmente afectados Gestión Para minimizar este efecto se procederá de la siguiente manera:","potencialmente incorporado por referencia por Res. 644/2024, num. 1.a; sujeto a prevalencia de la Resolución",OCR,,lenguaje explícito de obligación/medida/previsión + término ambiental en la misma unidad textual,Texto obtenido por OCR; verificar visualmente la cita antes de publicación.
COM225,plan de gestión,procedimiento/compromiso de gestión del proponente,ruido,construcción,O Seestablecerán horarios de trabajo diurnos y se cumplirá con los mismos. © En caso de que se conceda la autorización de trabajos en horarios nocturnos se extremarán las precauciones para reducir los niveles de ruido de manera de minimizar las molestias a los vecinos. © Secontrolará que tanto la maquinaria pesada como otras herramientas a combustión tengan el mantenimiento adecuado de los sistemas de escape. (© Se dará cumplimiento al Procedimiento para el manejo de maquinaria.,,,,,,Eleanor Applications S.R.L. / documentación del proponente,DINACEA,Plan-de-Gestion-Ambiental-de-Construccion.pdf,45,,,O Seestablecerán horarios de trabajo diurnos y se cumplirá con los mismos. © En caso de que se conceda la autorización de trabajos en horarios nocturnos se extremarán las precauciones para reducir los niveles de ruido de manera de minimizar las molestias a los vecinos. © Secontrolará que tanto la maquinaria pesada como otras herramientas a combustión tengan el mantenimiento adecuado de los sistemas de escape. (© Se dará cumplimiento al Procedimiento para el manejo de maquinaria.,"potencialmente incorporado por referencia por Res. 644/2024, num. 1.a; sujeto a prevalencia de la Resolución",OCR,,lenguaje explícito de obligación/medida/previsión + término ambiental en la misma unidad textual,Texto obtenido por OCR; verificar visualmente la cita antes de publicación.
COM226,plan de gestión,procedimiento/compromiso de gestión del proponente,mitigacion_monitoreo,construcción,"Quejas y/o denunci De recibirse quejas o denuncias se deberá: (© Daraviso inmediato al Jefe de Producción y/o Capataz y a los encargados de los subcontratos que eventualmente estuvieran involucrados en cualquier circunstancia que genere ruidos excesivos. © Se detendrán los equipos y/o tareas en ejecución de la zona del incidente, permitiendo que los técnicos puedan efectuar mediciones y así evaluar la situación. © Se revisarán los equipos o vehículos involucrados para constatar su estado: protecciones ~ sonoras, estado de los escapes, sirenas y/o cualquier otro elemento referido al incidente. (© Se tomarán las medidas de mitigación o compensación indicadas por los técnicos a raíz de la valuación de la situación.",,,,,,Eleanor Applications S.R.L. / documentación del proponente,DINACEA,Plan-de-Gestion-Ambiental-de-Construccion.pdf,45,,,"Quejas y/o denunci De recibirse quejas o denuncias se deberá: (© Daraviso inmediato al Jefe de Producción y/o Capataz y a los encargados de los subcontratos que eventualmente estuvieran involucrados en cualquier circunstancia que genere ruidos excesivos. © Se detendrán los equipos y/o tareas en ejecución de la zona del incidente, permitiendo que los técnicos puedan efectuar mediciones y así evaluar la situación. © Se revisarán los equipos o vehículos involucrados para constatar su estado: protecciones ~ sonoras, estado de los escapes, sirenas y/o cualquier otro elemento referido al incidente. (© Se tomarán las medidas de mitigación o compensación indicadas por los técnicos a raíz de la valuación de la situación.","potencialmente incorporado por referencia por Res. 644/2024, num. 1.a; sujeto a prevalencia de la Resolución",OCR,,lenguaje explícito de obligación/medida/previsión + término ambiental en la misma unidad textual,Texto obtenido por OCR; verificar visualmente la cita antes de publicación.
COM227,plan de gestión,procedimiento/compromiso de gestión del proponente,ruido,construcción,"MONITOREOS ‘Se realizará una Línea de Base de Nivel de Presión Sonora (NPS), diurno y nocturno, en cada una de las Bases de Mantenimiento.",,,,,,Eleanor Applications S.R.L. / documentación del proponente,DINACEA,Plan-de-Gestion-Ambiental-de-Construccion.pdf,45,,,"MONITOREOS ‘Se realizará una Línea de Base de Nivel de Presión Sonora (NPS), diurno y nocturno, en cada una de las Bases de Mantenimiento.","potencialmente incorporado por referencia por Res. 644/2024, num. 1.a; sujeto a prevalencia de la Resolución",OCR,,lenguaje explícito de obligación/medida/previsión + término ambiental en la misma unidad textual,Texto obtenido por OCR; verificar visualmente la cita antes de publicación.
COM228,plan de gestión,procedimiento/compromiso de gestión del proponente,mitigacion_monitoreo,construcción,"674 PLAN DE GESTIÓN AMBIENTAL DE CONSTRUCCIÓN ELEANOR APPLICATIONS SRL PROYECTO TEROS REGISTROS Se registrarán las quejas y denuncias, detallando: fecha, lugar, descripción de la queja, acciones tomadas, monitoreo realizado, acciones a tomar para que no se repita el incidente.",,,,,,Eleanor Applications S.R.L. / documentación del proponente,DINACEA,Plan-de-Gestion-Ambiental-de-Construccion.pdf,46,,,"674 PLAN DE GESTIÓN AMBIENTAL DE CONSTRUCCIÓN ELEANOR APPLICATIONS SRL PROYECTO TEROS REGISTROS Se registrarán las quejas y denuncias, detallando: fecha, lugar, descripción de la queja, acciones tomadas, monitoreo realizado, acciones a tomar para que no se repita el incidente.","potencialmente incorporado por referencia por Res. 644/2024, num. 1.a; sujeto a prevalencia de la Resolución",OCR,,lenguaje explícito de obligación/medida/previsión + término ambiental en la misma unidad textual,Texto obtenido por OCR; verificar visualmente la cita antes de publicación.
COM229,plan de gestión,procedimiento/compromiso de gestión del proponente,social_salud,construcción,Tránsito pesado en viales de tosca © Gases de combustión Gestión Para minimizar este efecto se procederá de la siguiente manes (© Se humedecerá la caminería afectada en los tiempos secos.,,,,,,Eleanor Applications S.R.L. / documentación del proponente,DINACEA,Plan-de-Gestion-Ambiental-de-Construccion.pdf,46,,,Tránsito pesado en viales de tosca © Gases de combustión Gestión Para minimizar este efecto se procederá de la siguiente manes (© Se humedecerá la caminería afectada en los tiempos secos.,"potencialmente incorporado por referencia por Res. 644/2024, num. 1.a; sujeto a prevalencia de la Resolución",OCR,,lenguaje explícito de obligación/medida/previsión + término ambiental en la misma unidad textual,Texto obtenido por OCR; verificar visualmente la cita antes de publicación.
COM230,plan de gestión,procedimiento/compromiso de gestión del proponente,,construcción,"Quejas y/o denuncias Derrecibirse quejas o denuncias se deberá: © Dar aviso inmediato al Jefe de mantenimiento y/o Capataz y a los encargados de los subcontratos que eventualmente estuvieran involucrados en cualquier circunstancia que ~ genere un aumento excesivo de polvo. © Se detendrán los equipos y/o tareas en ejecución de la zona del incidente, permitiendo que los técnicos puedan evaluar la situación.",,,,,,Eleanor Applications S.R.L. / documentación del proponente,DINACEA,Plan-de-Gestion-Ambiental-de-Construccion.pdf,46,,,"Quejas y/o denuncias Derrecibirse quejas o denuncias se deberá: © Dar aviso inmediato al Jefe de mantenimiento y/o Capataz y a los encargados de los subcontratos que eventualmente estuvieran involucrados en cualquier circunstancia que ~ genere un aumento excesivo de polvo. © Se detendrán los equipos y/o tareas en ejecución de la zona del incidente, permitiendo que los técnicos puedan evaluar la situación.","potencialmente incorporado por referencia por Res. 644/2024, num. 1.a; sujeto a prevalencia de la Resolución",OCR,,lenguaje explícito de obligación/medida/previsión + término ambiental en la misma unidad textual,Texto obtenido por OCR; verificar visualmente la cita antes de publicación.
COM231,plan de gestión,procedimiento/compromiso de gestión del proponente,mitigacion_monitoreo,construcción,"REGISTROS Se registrarán las quejas y denuncias, detallando: fecha, lugar, descripción de la queja, acciones tomadas, monitoreo realizado, acciones a tomar para que no se repita el incidente.",,,,,,Eleanor Applications S.R.L. / documentación del proponente,DINACEA,Plan-de-Gestion-Ambiental-de-Construccion.pdf,46,,,"REGISTROS Se registrarán las quejas y denuncias, detallando: fecha, lugar, descripción de la queja, acciones tomadas, monitoreo realizado, acciones a tomar para que no se repita el incidente.","potencialmente incorporado por referencia por Res. 644/2024, num. 1.a; sujeto a prevalencia de la Resolución",OCR,,lenguaje explícito de obligación/medida/previsión + término ambiental en la misma unidad textual,Texto obtenido por OCR; verificar visualmente la cita antes de publicación.
COM232,plan de gestión,procedimiento/compromiso de gestión del proponente,,construcción,"Las mismas pueden omitirse cuando los envases se encuentren sobre pavimentos impermeables cuya pendiente sea controlada o derive en una cámara estanca (© Se contará con equipamiento específico en las tareas de fraccionamiento (bandeja de PS, contención, embudo o pico) Se contará con uno o más kits de actuación ante derrames.",,,,,,Eleanor Applications S.R.L. / documentación del proponente,DINACEA,Plan-de-Gestion-Ambiental-de-Construccion.pdf,47,,,"Las mismas pueden omitirse cuando los envases se encuentren sobre pavimentos impermeables cuya pendiente sea controlada o derive en una cámara estanca (© Se contará con equipamiento específico en las tareas de fraccionamiento (bandeja de PS, contención, embudo o pico) Se contará con uno o más kits de actuación ante derrames.","potencialmente incorporado por referencia por Res. 644/2024, num. 1.a; sujeto a prevalencia de la Resolución",OCR,,lenguaje explícito de obligación/medida/previsión + término ambiental en la misma unidad textual,Texto obtenido por OCR; verificar visualmente la cita antes de publicación.
COM233,plan de gestión,procedimiento/compromiso de gestión del proponente,peligrosos_baterias,construcción,"Actuación ante derrames: © Se asegurará y alslará el área. © Se dispondrá de un área de exclusión a cualquier agente iniciadores de fuego (chispas, fuego, calor en exceso, etc.) © Se utilizarán cordones y material absorbentes disponibles en el kit de manera de prevenir que el derrame aumente su área de afectación Acciones posteriores al derrame: © Se limpiará el área en que ocurrió el derrame de modo tal que no queden rastros del mismo.",,,,,,Eleanor Applications S.R.L. / documentación del proponente,DINACEA,Plan-de-Gestion-Ambiental-de-Construccion.pdf,47,,,"Actuación ante derrames: © Se asegurará y alslará el área. © Se dispondrá de un área de exclusión a cualquier agente iniciadores de fuego (chispas, fuego, calor en exceso, etc.) © Se utilizarán cordones y material absorbentes disponibles en el kit de manera de prevenir que el derrame aumente su área de afectación Acciones posteriores al derrame: © Se limpiará el área en que ocurrió el derrame de modo tal que no queden rastros del mismo.","potencialmente incorporado por referencia por Res. 644/2024, num. 1.a; sujeto a prevalencia de la Resolución",OCR,,lenguaje explícito de obligación/medida/previsión + término ambiental en la misma unidad textual,Texto obtenido por OCR; verificar visualmente la cita antes de publicación.
COM234,plan de gestión,procedimiento/compromiso de gestión del proponente,,construcción,"Se procederá a recuperar el material derramado con una bomba adecuada, restituyéndolo a tanques, sla zona cuenta con zócalo de contención o cámara oleosa.",,,,,,Eleanor Applications S.R.L. / documentación del proponente,DINACEA,Plan-de-Gestion-Ambiental-de-Construccion.pdf,47,,,"Se procederá a recuperar el material derramado con una bomba adecuada, restituyéndolo a tanques, sla zona cuenta con zócalo de contención o cámara oleosa.","potencialmente incorporado por referencia por Res. 644/2024, num. 1.a; sujeto a prevalencia de la Resolución",OCR,,lenguaje explícito de obligación/medida/previsión + término ambiental en la misma unidad textual,Texto obtenido por OCR; verificar visualmente la cita antes de publicación.
COM235,plan de gestión,procedimiento/compromiso de gestión del proponente,peligrosos_baterias,construcción,"Se gestionarán como residuos peligrosos los residuos derivados de la limpieza del derrame, Se investigará el hecho, para permitir conocer las causas del incidente y así ajustar las medidas de seguridad a tomar para evitar su repetición.",,,,,,Eleanor Applications S.R.L. / documentación del proponente,DINACEA,Plan-de-Gestion-Ambiental-de-Construccion.pdf,47,,,"Se gestionarán como residuos peligrosos los residuos derivados de la limpieza del derrame, Se investigará el hecho, para permitir conocer las causas del incidente y así ajustar las medidas de seguridad a tomar para evitar su repetición.","potencialmente incorporado por referencia por Res. 644/2024, num. 1.a; sujeto a prevalencia de la Resolución",OCR,,lenguaje explícito de obligación/medida/previsión + término ambiental en la misma unidad textual,Texto obtenido por OCR; verificar visualmente la cita antes de publicación.
COM236,plan de gestión,procedimiento/compromiso de gestión del proponente,peligrosos_baterias,construcción,"Sila magnitud del derrame genera una afectación sobre el medio en que la obra se inserta, se deberá elaborar un plan de restauración o remediación.",,,,,,Eleanor Applications S.R.L. / documentación del proponente,DINACEA,Plan-de-Gestion-Ambiental-de-Construccion.pdf,47,,,"Sila magnitud del derrame genera una afectación sobre el medio en que la obra se inserta, se deberá elaborar un plan de restauración o remediación.","potencialmente incorporado por referencia por Res. 644/2024, num. 1.a; sujeto a prevalencia de la Resolución",OCR,,lenguaje explícito de obligación/medida/previsión + término ambiental en la misma unidad textual,Texto obtenido por OCR; verificar visualmente la cita antes de publicación.
COM237,plan de gestión,procedimiento/compromiso de gestión del proponente,,construcción,ELEANOR APPLICATIONS SRL PROYECTO EROS Imagen iustratva de actuación ante derrames REGISTROS Se registrarán todos los derrames que ocurran en la fase de construcción.,,,,,,Eleanor Applications S.R.L. / documentación del proponente,DINACEA,Plan-de-Gestion-Ambiental-de-Construccion.pdf,48,,,ELEANOR APPLICATIONS SRL PROYECTO EROS Imagen iustratva de actuación ante derrames REGISTROS Se registrarán todos los derrames que ocurran en la fase de construcción.,"potencialmente incorporado por referencia por Res. 644/2024, num. 1.a; sujeto a prevalencia de la Resolución",OCR,,lenguaje explícito de obligación/medida/previsión + término ambiental en la misma unidad textual,Texto obtenido por OCR; verificar visualmente la cita antes de publicación.
COM238,plan de gestión,procedimiento/compromiso de gestión del proponente,gei_clima,construcción,Se inspeccionarán las instalaciones cuyo riesgo de incendio sea elevado.,,,,,,Eleanor Applications S.R.L. / documentación del proponente,DINACEA,Plan-de-Gestion-Ambiental-de-Construccion.pdf,48,,,Se inspeccionarán las instalaciones cuyo riesgo de incendio sea elevado.,"potencialmente incorporado por referencia por Res. 644/2024, num. 1.a; sujeto a prevalencia de la Resolución",OCR,,lenguaje explícito de obligación/medida/previsión + término ambiental en la misma unidad textual,Texto obtenido por OCR; verificar visualmente la cita antes de publicación.
COM239,plan de gestión,procedimiento/compromiso de gestión del proponente,gei_clima; mitigacion_monitoreo,construcción,"677 PLAN DE GESTIÓN AMBIENTAL DE CONSTRUCCIÓN ELEANOR APPLICATIONS SRL PROYECTO Tens cargar herramientas durante la evacuación, ni volver al lugar de trabajo sin autorización Acciones a tomar posteriores al incendio Luego de apagado el incendio, y entendiendo que ya no es un riesgo la parecencia de personal en el área, se procederá a la investigación del hecho y la evaluación del sitio.",,,,,,Eleanor Applications S.R.L. / documentación del proponente,DINACEA,Plan-de-Gestion-Ambiental-de-Construccion.pdf,49,,,"677 PLAN DE GESTIÓN AMBIENTAL DE CONSTRUCCIÓN ELEANOR APPLICATIONS SRL PROYECTO Tens cargar herramientas durante la evacuación, ni volver al lugar de trabajo sin autorización Acciones a tomar posteriores al incendio Luego de apagado el incendio, y entendiendo que ya no es un riesgo la parecencia de personal en el área, se procederá a la investigación del hecho y la evaluación del sitio.","potencialmente incorporado por referencia por Res. 644/2024, num. 1.a; sujeto a prevalencia de la Resolución",OCR,,lenguaje explícito de obligación/medida/previsión + término ambiental en la misma unidad textual,Texto obtenido por OCR; verificar visualmente la cita antes de publicación.
COM240,plan de gestión,procedimiento/compromiso de gestión del proponente,gei_clima,construcción,"Si la magnitud del incendio genera una afectación sobre el medio en que la obra se inserta, se deberá elaborar un plan de restauración o remediación.",,,,,,Eleanor Applications S.R.L. / documentación del proponente,DINACEA,Plan-de-Gestion-Ambiental-de-Construccion.pdf,49,,,"Si la magnitud del incendio genera una afectación sobre el medio en que la obra se inserta, se deberá elaborar un plan de restauración o remediación.","potencialmente incorporado por referencia por Res. 644/2024, num. 1.a; sujeto a prevalencia de la Resolución",OCR,,lenguaje explícito de obligación/medida/previsión + término ambiental en la misma unidad textual,Texto obtenido por OCR; verificar visualmente la cita antes de publicación.
COM241,plan de gestión,procedimiento/compromiso de gestión del proponente,mitigacion_monitoreo,construcción,SEGUIMIENTO El Responsable de Medio Ambiente (RMA) realizará el seguimiento de la aplicación del presente PGA-C.,,,,,,Eleanor Applications S.R.L. / documentación del proponente,DINACEA,Plan-de-Gestion-Ambiental-de-Construccion.pdf,50,,,SEGUIMIENTO El Responsable de Medio Ambiente (RMA) realizará el seguimiento de la aplicación del presente PGA-C.,"potencialmente incorporado por referencia por Res. 644/2024, num. 1.a; sujeto a prevalencia de la Resolución",OCR,,lenguaje explícito de obligación/medida/previsión + término ambiental en la misma unidad textual,Texto obtenido por OCR; verificar visualmente la cita antes de publicación.
COM242,plan de gestión,procedimiento/compromiso de gestión del proponente,,construcción,"Entre los registros que debe llevar se encuentran: © Remitos de barométrica O Remitos de retiro de residuos O Registro de ingreso de productos químicos y combustibles. © Resultados de análisis de efluentes © Mediciones del Nivel de Presión Sonora en In evaluar el mismo) © Registro de contingencias que se hubieran producido y de su manejo. isión (en caso de que considere necesario De identificarse desviaciones respecto a lo establecido en el PGA-C, el DO, con el asesoramiento del RMA, deberá implementar las medidas correctivas necesarias.",,,,,,Eleanor Applications S.R.L. / documentación del proponente,DINACEA,Plan-de-Gestion-Ambiental-de-Construccion.pdf,50,,,"Entre los registros que debe llevar se encuentran: © Remitos de barométrica O Remitos de retiro de residuos O Registro de ingreso de productos químicos y combustibles. © Resultados de análisis de efluentes © Mediciones del Nivel de Presión Sonora en In evaluar el mismo) © Registro de contingencias que se hubieran producido y de su manejo. isión (en caso de que considere necesario De identificarse desviaciones respecto a lo establecido en el PGA-C, el DO, con el asesoramiento del RMA, deberá implementar las medidas correctivas necesarias.","potencialmente incorporado por referencia por Res. 644/2024, num. 1.a; sujeto a prevalencia de la Resolución",OCR,,lenguaje explícito de obligación/medida/previsión + término ambiental en la misma unidad textual,Texto obtenido por OCR; verificar visualmente la cita antes de publicación.
COM243,plan de gestión,procedimiento/compromiso de gestión del proponente,energia,operación,Dentro de este edificio se prevé el equipamiento necesario para la distribución de energía eléctrica y el sistema de enfriamiento para mantener el ambiente en las temperaturas de operación requeridas.,,,,,,Eleanor Applications S.R.L. / documentación del proponente,DINACEA,Plan-de-Gestion-de-Residuos.pdf,11,,,Dentro de este edificio se prevé el equipamiento necesario para la distribución de energía eléctrica y el sistema de enfriamiento para mantener el ambiente en las temperaturas de operación requeridas.,"potencialmente incorporado por referencia por Res. 644/2024, num. 1.a; sujeto a prevalencia de la Resolución",OCR,,lenguaje explícito de obligación/medida/previsión + término ambiental en la misma unidad textual,Texto obtenido por OCR; verificar visualmente la cita antes de publicación.
COM244,plan de gestión,procedimiento/compromiso de gestión del proponente,,operación,También se prevén en el predio otros sistemas de enfriamiento (y climatización) para funciones secundarias.,,,,,,Eleanor Applications S.R.L. / documentación del proponente,DINACEA,Plan-de-Gestion-de-Residuos.pdf,11,,,También se prevén en el predio otros sistemas de enfriamiento (y climatización) para funciones secundarias.,"potencialmente incorporado por referencia por Res. 644/2024, num. 1.a; sujeto a prevalencia de la Resolución",OCR,,lenguaje explícito de obligación/medida/previsión + término ambiental en la misma unidad textual,Texto obtenido por OCR; verificar visualmente la cita antes de publicación.
COM245,plan de gestión,procedimiento/compromiso de gestión del proponente,energia,operación,"3.13 Subestación Eléctrica El emprendimiento propuesto contará con una subestación de maniobra de 150 kV de UTE, y lindera a ella, se contará también con una subestación propia, ubicadas ambas sobre el lateral Este del predio.",,,,,,Eleanor Applications S.R.L. / documentación del proponente,DINACEA,Plan-de-Gestion-de-Residuos.pdf,11,,,"3.13 Subestación Eléctrica El emprendimiento propuesto contará con una subestación de maniobra de 150 kV de UTE, y lindera a ella, se contará también con una subestación propia, ubicadas ambas sobre el lateral Este del predio.","potencialmente incorporado por referencia por Res. 644/2024, num. 1.a; sujeto a prevalencia de la Resolución",OCR,,lenguaje explícito de obligación/medida/previsión + término ambiental en la misma unidad textual,Texto obtenido por OCR; verificar visualmente la cita antes de publicación.
COM246,plan de gestión,procedimiento/compromiso de gestión del proponente,energia; mitigacion_monitoreo,operación,"Se prevén generadores de emergencia Para el funcionamiento de todos los componentes del sistema de enfriamiento aún ante cortes en el suministro eléctrico, De forma análoga a los patios eléctricos, los patios mecánicos cuentan con la conexión al suministro eléctrico tanto desde la subestación eléctrica como desde los generadores de emergent Equipamiento eléctrico La energía eléctrica enviada desde la subestación eléctrica es distribuida hacia los centros de datos, operando en forma remota, bajo un sistema de redundancia, Se cuenta con un sistema * de control automático que permite enviar la energía desde la subestación eléctrica o desde los generadores de emergencia, en caso de necesidad.",,,,,,Eleanor Applications S.R.L. / documentación del proponente,DINACEA,Plan-de-Gestion-de-Residuos.pdf,12,,,"Se prevén generadores de emergencia Para el funcionamiento de todos los componentes del sistema de enfriamiento aún ante cortes en el suministro eléctrico, De forma análoga a los patios eléctricos, los patios mecánicos cuentan con la conexión al suministro eléctrico tanto desde la subestación eléctrica como desde los generadores de emergent Equipamiento eléctrico La energía eléctrica enviada desde la subestación eléctrica es distribuida hacia los centros de datos, operando en forma remota, bajo un sistema de redundancia, Se cuenta con un sistema * de control automático que permite enviar la energía desde la subestación eléctrica o desde los generadores de emergencia, en caso de necesidad.","potencialmente incorporado por referencia por Res. 644/2024, num. 1.a; sujeto a prevalencia de la Resolución",OCR,,lenguaje explícito de obligación/medida/previsión + término ambiental en la misma unidad textual,Texto obtenido por OCR; verificar visualmente la cita antes de publicación.
COM247,plan de gestión,procedimiento/compromiso de gestión del proponente,,operación,"318 Edificio de administración El emprendimiento propuesto cuenta con una edificación enteramente dedicada a albergar las labores administrativas que incluirá un comedor, baños, oficinas y salas de reuniones.",,,,,,Eleanor Applications S.R.L. / documentación del proponente,DINACEA,Plan-de-Gestion-de-Residuos.pdf,12,,,"318 Edificio de administración El emprendimiento propuesto cuenta con una edificación enteramente dedicada a albergar las labores administrativas que incluirá un comedor, baños, oficinas y salas de reuniones.","potencialmente incorporado por referencia por Res. 644/2024, num. 1.a; sujeto a prevalencia de la Resolución",OCR,,lenguaje explícito de obligación/medida/previsión + término ambiental en la misma unidad textual,Texto obtenido por OCR; verificar visualmente la cita antes de publicación.
COM248,plan de gestión,procedimiento/compromiso de gestión del proponente,energia,operación,"El sistema eléctrico contará con salas de media tensión que funcionan como interfaz, recibiendo la energía eléctrica de la subestación eléctrica y distribuyéndola a los sitios de distribución que alimentan los servidores dentro de los centros de datos.",,,,,,Eleanor Applications S.R.L. / documentación del proponente,DINACEA,Plan-de-Gestion-de-Residuos.pdf,14,,,"El sistema eléctrico contará con salas de media tensión que funcionan como interfaz, recibiendo la energía eléctrica de la subestación eléctrica y distribuyéndola a los sitios de distribución que alimentan los servidores dentro de los centros de datos.","potencialmente incorporado por referencia por Res. 644/2024, num. 1.a; sujeto a prevalencia de la Resolución",OCR,,lenguaje explícito de obligación/medida/previsión + término ambiental en la misma unidad textual,Texto obtenido por OCR; verificar visualmente la cita antes de publicación.
COM249,plan de gestión,procedimiento/compromiso de gestión del proponente,mitigacion_monitoreo,operación,"Garita de Acceso La garita de control de acceso al predio del emprendimiento propuesto se ubica en el límite Noroeste, en el acceso principal propuesto. ¡Caminos internos Los caminos internos conectan las diferentes instalaciones del emprendimiento propuesto entre sí Estacionamientos Se prevé contar con un estacionamiento frente al edificio de centro de datos, del lado Este del predio, y con un estacionamiento frente al edificio de administración, del lado Oeste del predio.",,,,,,Eleanor Applications S.R.L. / documentación del proponente,DINACEA,Plan-de-Gestion-de-Residuos.pdf,14,,,"Garita de Acceso La garita de control de acceso al predio del emprendimiento propuesto se ubica en el límite Noroeste, en el acceso principal propuesto. ¡Caminos internos Los caminos internos conectan las diferentes instalaciones del emprendimiento propuesto entre sí Estacionamientos Se prevé contar con un estacionamiento frente al edificio de centro de datos, del lado Este del predio, y con un estacionamiento frente al edificio de administración, del lado Oeste del predio.","potencialmente incorporado por referencia por Res. 644/2024, num. 1.a; sujeto a prevalencia de la Resolución",OCR,,lenguaje explícito de obligación/medida/previsión + término ambiental en la misma unidad textual,Texto obtenido por OCR; verificar visualmente la cita antes de publicación.
COM250,plan de gestión,procedimiento/compromiso de gestión del proponente,agua,operación,"O Revisión de cubiertas, canales y bajadas de agua, en el caso de existir filtraciones, se realizará el cambio de los equipos o instalaciones dañadas.",,,,,,Eleanor Applications S.R.L. / documentación del proponente,DINACEA,Plan-de-Gestion-de-Residuos.pdf,15,,,"O Revisión de cubiertas, canales y bajadas de agua, en el caso de existir filtraciones, se realizará el cambio de los equipos o instalaciones dañadas.","potencialmente incorporado por referencia por Res. 644/2024, num. 1.a; sujeto a prevalencia de la Resolución",OCR,,lenguaje explícito de obligación/medida/previsión + término ambiental en la misma unidad textual,Texto obtenido por OCR; verificar visualmente la cita antes de publicación.
COM251,plan de gestión,procedimiento/compromiso de gestión del proponente,,operación,"Se prevé que los generadores no se operen en simultáneo, sino que se operen de a uno por vez, y dentro del horario diurno.",,,,,,Eleanor Applications S.R.L. / documentación del proponente,DINACEA,Plan-de-Gestion-de-Residuos.pdf,15,,,"Se prevé que los generadores no se operen en simultáneo, sino que se operen de a uno por vez, y dentro del horario diurno.","potencialmente incorporado por referencia por Res. 644/2024, num. 1.a; sujeto a prevalencia de la Resolución",OCR,,lenguaje explícito de obligación/medida/previsión + término ambiental en la misma unidad textual,Texto obtenido por OCR; verificar visualmente la cita antes de publicación.
COM252,plan de gestión,procedimiento/compromiso de gestión del proponente,agua; generadores_combustible,operación,"El proceso de abastecimiento y distribución de combustible se realizará en la zona de a abastecimiento ubicada en el patio eléctrico y mecánico, de manera separada, la cual distribuirá a cada generador eléctrico por medio de tuberías, válvulas y bombas.",,,,,,Eleanor Applications S.R.L. / documentación del proponente,DINACEA,Plan-de-Gestion-de-Residuos.pdf,15,,,"El proceso de abastecimiento y distribución de combustible se realizará en la zona de a abastecimiento ubicada en el patio eléctrico y mecánico, de manera separada, la cual distribuirá a cada generador eléctrico por medio de tuberías, válvulas y bombas.","potencialmente incorporado por referencia por Res. 644/2024, num. 1.a; sujeto a prevalencia de la Resolución",OCR,,lenguaje explícito de obligación/medida/previsión + término ambiental en la misma unidad textual,Texto obtenido por OCR; verificar visualmente la cita antes de publicación.
COM253,plan de gestión,procedimiento/compromiso de gestión del proponente,generadores_combustible; mitigacion_monitoreo,operación,"El sistema de recepción de combustible contará con un control autónomo, para mayor seguridad durante el proceso de distribución.",,,,,,Eleanor Applications S.R.L. / documentación del proponente,DINACEA,Plan-de-Gestion-de-Residuos.pdf,15,,,"El sistema de recepción de combustible contará con un control autónomo, para mayor seguridad durante el proceso de distribución.","potencialmente incorporado por referencia por Res. 644/2024, num. 1.a; sujeto a prevalencia de la Resolución",OCR,,lenguaje explícito de obligación/medida/previsión + término ambiental en la misma unidad textual,Texto obtenido por OCR; verificar visualmente la cita antes de publicación.
COM254,plan de gestión,procedimiento/compromiso de gestión del proponente,generadores_combustible; mitigacion_monitoreo,operación,"El sistema de control autónomo en conjunto con los sensores de nivel, temperatura y alarmas tendrá como objetivo detectar a tiempo la carga máxima de combustible para cada generador, Adicionalmente se monitoreará la temperatura dentro de los tanques de combustible de cada generador, para evitar aumentos por encima los valores permitidos que podrían ocasionar accidentes o derrames.",,,,,,Eleanor Applications S.R.L. / documentación del proponente,DINACEA,Plan-de-Gestion-de-Residuos.pdf,15,,,"El sistema de control autónomo en conjunto con los sensores de nivel, temperatura y alarmas tendrá como objetivo detectar a tiempo la carga máxima de combustible para cada generador, Adicionalmente se monitoreará la temperatura dentro de los tanques de combustible de cada generador, para evitar aumentos por encima los valores permitidos que podrían ocasionar accidentes o derrames.","potencialmente incorporado por referencia por Res. 644/2024, num. 1.a; sujeto a prevalencia de la Resolución",OCR,,lenguaje explícito de obligación/medida/previsión + término ambiental en la misma unidad textual,Texto obtenido por OCR; verificar visualmente la cita antes de publicación.
COM255,plan de gestión,procedimiento/compromiso de gestión del proponente,agua,operación,"Insumos Químicos Para el tratamiento químico del agua del sistema enfriamiento (circuito cerrado) se utilizarán biocidas, inhibidores de corrosión e inhibidores de incrustaciones.",,,,,,Eleanor Applications S.R.L. / documentación del proponente,DINACEA,Plan-de-Gestion-de-Residuos.pdf,16,,,"Insumos Químicos Para el tratamiento químico del agua del sistema enfriamiento (circuito cerrado) se utilizarán biocidas, inhibidores de corrosión e inhibidores de incrustaciones.","potencialmente incorporado por referencia por Res. 644/2024, num. 1.a; sujeto a prevalencia de la Resolución",OCR,,lenguaje explícito de obligación/medida/previsión + término ambiental en la misma unidad textual,Texto obtenido por OCR; verificar visualmente la cita antes de publicación.
COM256,plan de gestión,procedimiento/compromiso de gestión del proponente,,operación,Residuos peligrosos Los Data Centers contarán con un depósito para el almacenamiento segregado de las distintas corrientes de residuos peligrosos.,,,,,,Eleanor Applications S.R.L. / documentación del proponente,DINACEA,Plan-de-Gestion-de-Residuos.pdf,20,,,Residuos peligrosos Los Data Centers contarán con un depósito para el almacenamiento segregado de las distintas corrientes de residuos peligrosos.,"potencialmente incorporado por referencia por Res. 644/2024, num. 1.a; sujeto a prevalencia de la Resolución",OCR,,lenguaje explícito de obligación/medida/previsión + término ambiental en la misma unidad textual,Texto obtenido por OCR; verificar visualmente la cita antes de publicación.
COM257,plan de gestión,procedimiento/compromiso de gestión del proponente,gei_clima; residuos,operación,"Cada tipo de residuo se encontrará debidamente identificado, y se contará con las medidas de seguridad apropiadas, en especial para la contención y actuación ante incendio y derrames, Residuos no peligrosos Se definirán una o más áreas de almacenamiento de residuos sólidos no peligrosos, ubicadas cercanas a los puntos de generación de estos residuos.",,,,,,Eleanor Applications S.R.L. / documentación del proponente,DINACEA,Plan-de-Gestion-de-Residuos.pdf,20,,,"Cada tipo de residuo se encontrará debidamente identificado, y se contará con las medidas de seguridad apropiadas, en especial para la contención y actuación ante incendio y derrames, Residuos no peligrosos Se definirán una o más áreas de almacenamiento de residuos sólidos no peligrosos, ubicadas cercanas a los puntos de generación de estos residuos.","potencialmente incorporado por referencia por Res. 644/2024, num. 1.a; sujeto a prevalencia de la Resolución",OCR,,lenguaje explícito de obligación/medida/previsión + término ambiental en la misma unidad textual,Texto obtenido por OCR; verificar visualmente la cita antes de publicación.
COM258,plan de gestión,procedimiento/compromiso de gestión del proponente,,operación,"El retiro de los residuos de las instalaciones se realizará a medida que se llenen los contenedores o espacios utilizados para su almacenamiento, a excepción de los residuos asimilables a domésticos que serán retirados regularmente para asegurar que no ocurra la generación de malos olores y aparición de vectores.",,,,,,Eleanor Applications S.R.L. / documentación del proponente,DINACEA,Plan-de-Gestion-de-Residuos.pdf,21,,,"El retiro de los residuos de las instalaciones se realizará a medida que se llenen los contenedores o espacios utilizados para su almacenamiento, a excepción de los residuos asimilables a domésticos que serán retirados regularmente para asegurar que no ocurra la generación de malos olores y aparición de vectores.","potencialmente incorporado por referencia por Res. 644/2024, num. 1.a; sujeto a prevalencia de la Resolución",OCR,,lenguaje explícito de obligación/medida/previsión + término ambiental en la misma unidad textual,Texto obtenido por OCR; verificar visualmente la cita antes de publicación.
COM259,plan de gestión,procedimiento/compromiso de gestión del proponente,residuos; mitigacion_monitoreo,operación,"621 PLAN DE GESTION DE RESIDUOS SÓLIDOS INDUSTRIALES ELEANOR APPLICATIONS $. ‘GRUPO DE E 7 DE RESIDUO RECIPIENT mn PETE ALM HENTO. | ALMACENAMIENTO Área para residuos Plásticos Contenedores els Papel y cartón Área para residuos limpio. od no peligrosos Restos de Área para residuos madera di no peligrosos J Area para residuos Filtros de aire — Contenedores no peligrosos Asimlables 2 contare Área para residuos domésticos no peligrosos Me 44 TRANSPORTE Y DESTINO FINAL Los residuos serán retirados de las instalaciones por empresas habilitadas para el transporte de la categoría de residuo en cuestión (Categoría y I!) El transportista derivará cada residuo hacia la siguiente etapa de su gestión, que será realizada por un operador autorizado para la gestión de los mismos (gestor), y puede consistir en algún tipo de tratamiento o acondicionamiento para derivarlos a otros destinos (gestión intermedia) © constituir efectivamente un destino final.",,,,,,Eleanor Applications S.R.L. / documentación del proponente,DINACEA,Plan-de-Gestion-de-Residuos.pdf,22,,,"621 PLAN DE GESTION DE RESIDUOS SÓLIDOS INDUSTRIALES ELEANOR APPLICATIONS $. ‘GRUPO DE E 7 DE RESIDUO RECIPIENT mn PETE ALM HENTO. | ALMACENAMIENTO Área para residuos Plásticos Contenedores els Papel y cartón Área para residuos limpio. od no peligrosos Restos de Área para residuos madera di no peligrosos J Area para residuos Filtros de aire — Contenedores no peligrosos Asimlables 2 contare Área para residuos domésticos no peligrosos Me 44 TRANSPORTE Y DESTINO FINAL Los residuos serán retirados de las instalaciones por empresas habilitadas para el transporte de la categoría de residuo en cuestión (Categoría y I!) El transportista derivará cada residuo hacia la siguiente etapa de su gestión, que será realizada por un operador autorizado para la gestión de los mismos (gestor), y puede consistir en algún tipo de tratamiento o acondicionamiento para derivarlos a otros destinos (gestión intermedia) © constituir efectivamente un destino final.","potencialmente incorporado por referencia por Res. 644/2024, num. 1.a; sujeto a prevalencia de la Resolución",OCR,,lenguaje explícito de obligación/medida/previsión + término ambiental en la misma unidad textual,Texto obtenido por OCR; verificar visualmente la cita antes de publicación.
COM260,plan de gestión,procedimiento/compromiso de gestión del proponente,mitigacion_monitoreo,operación,"5.2 REGISTROS Y TRAZABILIDAD Para el control de la trazabilidad, existirán registros de todos los residuos retirados de las instalaciones, en especial los remitos que se exigirán a las empresas encargadas de la gestión de los mismos (transportistas, gestores, sitios de disposición final, etc.).",,,,,,Eleanor Applications S.R.L. / documentación del proponente,DINACEA,Plan-de-Gestion-de-Residuos.pdf,28,,,"5.2 REGISTROS Y TRAZABILIDAD Para el control de la trazabilidad, existirán registros de todos los residuos retirados de las instalaciones, en especial los remitos que se exigirán a las empresas encargadas de la gestión de los mismos (transportistas, gestores, sitios de disposición final, etc.).","potencialmente incorporado por referencia por Res. 644/2024, num. 1.a; sujeto a prevalencia de la Resolución",OCR,,lenguaje explícito de obligación/medida/previsión + término ambiental en la misma unidad textual,Texto obtenido por OCR; verificar visualmente la cita antes de publicación.
COM261,plan de gestión,procedimiento/compromiso de gestión del proponente,residuos,operación,"En la misma se presentarán las cantidades generadas y gestionadas de cada residuo, tanto en ‘metros cúbicos como en toneladas en base seca (ambas son obligatorias).",,,,,,Eleanor Applications S.R.L. / documentación del proponente,DINACEA,Plan-de-Gestion-de-Residuos.pdf,28,,,"En la misma se presentarán las cantidades generadas y gestionadas de cada residuo, tanto en ‘metros cúbicos como en toneladas en base seca (ambas son obligatorias).","potencialmente incorporado por referencia por Res. 644/2024, num. 1.a; sujeto a prevalencia de la Resolución",OCR,,lenguaje explícito de obligación/medida/previsión + término ambiental en la misma unidad textual,Texto obtenido por OCR; verificar visualmente la cita antes de publicación.
COM262,requerimiento de autoridad,requerimiento/condición de autoridad,energia,operación,"Evaluación del consumo de energía Para continuar con la evaluación técnica de la SAAP presentada, se deberá presentar el consumo máximo de energía requerido para la operación del proyecto (data center y servicios auxiliares) y el aval correspondiente de que esta demanda no afecta la calidad del servicio de suministro de energía eléctrica que presta UTE a terceros.",,,,,,DINACEA / Ministerio de Ambiente,,Solicitud-de-Informacion-Complementaria-01.pdf,1,,,"Evaluación del consumo de energía Para continuar con la evaluación técnica de la SAAP presentada, se deberá presentar el consumo máximo de energía requerido para la operación del proyecto (data center y servicios auxiliares) y el aval correspondiente de que esta demanda no afecta la calidad del servicio de suministro de energía eléctrica que presta UTE a terceros.",condición/requerimiento del expediente; verificar relación con Resolución 644/2024,native,,lenguaje explícito de obligación/medida/previsión + término ambiental en la misma unidad textual,
COM263,requerimiento de autoridad,requerimiento/condición de autoridad,energia,,"Asimismo, teniendo en cuenta el consumo de energía requerido, el proyecto deberá demostrar como incorpora y aplica las mejores prácticas y tecnología para el uso eficiente de la energía de acuerdo a la capacidad del data center a instalar.",,,,,,DINACEA / Ministerio de Ambiente,,Solicitud-de-Informacion-Complementaria-01.pdf,1,,,"Asimismo, teniendo en cuenta el consumo de energía requerido, el proyecto deberá demostrar como incorpora y aplica las mejores prácticas y tecnología para el uso eficiente de la energía de acuerdo a la capacidad del data center a instalar.",condición/requerimiento del expediente; verificar relación con Resolución 644/2024,native,,lenguaje explícito de obligación/medida/previsión + término ambiental en la misma unidad textual,
COM264,respuesta SIC,respuesta SIC; puede incluir requerimiento citado,energia,operación,Evaluación del consumo de energi “(..) se deberá presentar el consumo máximo de energía requerido para la operación del proyecto (data center y servicios auxiliares) y el aval correspondiente de que esta demanda no afecta la calidad del servicio de suministro de energía eléctrica que presta UTE a terceros. (... el proyecto deberá demostrar cómo incorpora y aplica las mejores prácticas y tecnología para el uso eficiente de la energía de acuerdo a la capacidad del data center a instalar.” Respuesta:,,,,,,Eleanor Applications S.R.L. / documentación del proponente,DINACEA,Respuesta-a-SIC-01.pdf,1,,,Evaluación del consumo de energi “(..) se deberá presentar el consumo máximo de energía requerido para la operación del proyecto (data center y servicios auxiliares) y el aval correspondiente de que esta demanda no afecta la calidad del servicio de suministro de energía eléctrica que presta UTE a terceros. (... el proyecto deberá demostrar cómo incorpora y aplica las mejores prácticas y tecnología para el uso eficiente de la energía de acuerdo a la capacidad del data center a instalar.” Respuesta:,"potencialmente incorporado por referencia por Res. 644/2024, num. 1.a; sujeto a prevalencia de la Resolución",OCR,,lenguaje explícito de obligación/medida/previsión + término ambiental en la misma unidad textual,Texto obtenido por OCR; verificar visualmente la cita antes de publicación. Las respuestas SIC pueden reproducir literalmente el requerimiento de DINACEA; revisar contexto para atribución exacta.
COM265,requerimiento de autoridad,evaluación/criterio de autoridad,energia,,"De forma complementaria a la identificación del tiempo requerido para el encendido de los generadores en caso de un evento de falla del suministro eléctrico nacional, se solicita indicar si el proyecto contará con sistemas que garanticen la continuidad del suministro eléctrico en el período inmediato siguiente al corte de energía, del tipo banco de baterías o similar. e.",,,,,,DINACEA / Ministerio de Ambiente,,Solicitud-de-Informacion-Complementaria-02.pdf,2,,,"De forma complementaria a la identificación del tiempo requerido para el encendido de los generadores en caso de un evento de falla del suministro eléctrico nacional, se solicita indicar si el proyecto contará con sistemas que garanticen la continuidad del suministro eléctrico en el período inmediato siguiente al corte de energía, del tipo banco de baterías o similar. e.",condición/requerimiento del expediente; verificar relación con Resolución 644/2024,native,,lenguaje explícito de obligación/medida/previsión + término ambiental en la misma unidad textual,
COM266,requerimiento de autoridad,requerimiento/condición de autoridad,aire_emisiones,,"Dicho plan deberá comprender acciones a implementar por la titular para los eventos que puedan generen niveles de inmisión de NO2 que excedan los valores de referencia de calidad de aire, diferenciando las medidas a adoptar en función de los estándares establecidos en el Decreto 135/021 así como los niveles guía de exposición aguda (AEGL).",,,,,,DINACEA / Ministerio de Ambiente,,Solicitud-de-Informacion-Complementaria-02.pdf,2,,,"Dicho plan deberá comprender acciones a implementar por la titular para los eventos que puedan generen niveles de inmisión de NO2 que excedan los valores de referencia de calidad de aire, diferenciando las medidas a adoptar en función de los estándares establecidos en el Decreto 135/021 así como los niveles guía de exposición aguda (AEGL).",condición/requerimiento del expediente; verificar relación con Resolución 644/2024,native,,lenguaje explícito de obligación/medida/previsión + término ambiental en la misma unidad textual,
COM267,requerimiento de autoridad,requerimiento/condición de autoridad,efluentes,,"En este sentido se informa que la PTE del PDLC cuenta con una capacidad de tratamiento y condiciones de autorización otorgadas establecidas en las RM 269/2020 y RM 264/2022, por lo cual se deberá presentar la evaluación que el PDLC puede gestionar estos efluentes.",,,,,,DINACEA / Ministerio de Ambiente,,Solicitud-de-Informacion-Complementaria-02.pdf,3,,,"En este sentido se informa que la PTE del PDLC cuenta con una capacidad de tratamiento y condiciones de autorización otorgadas establecidas en las RM 269/2020 y RM 264/2022, por lo cual se deberá presentar la evaluación que el PDLC puede gestionar estos efluentes.",condición/requerimiento del expediente; verificar relación con Resolución 644/2024,native,,lenguaje explícito de obligación/medida/previsión + término ambiental en la misma unidad textual,
COM268,respuesta SIC,respuesta/propuesta del proponente,,,"Los nuevos generadores serán de la marca KOHLER, y contarán con chimeneas de 12.2 m de altura.",,,,,,Eleanor Applications S.R.L. / documentación del proponente,DINACEA,Respuestas-SIC-02-y-SIC-03.pdf,2,,,"Los nuevos generadores serán de la marca KOHLER, y contarán con chimeneas de 12.2 m de altura.","potencialmente incorporado por referencia por Res. 644/2024, num. 1.a; sujeto a prevalencia de la Resolución",native,,lenguaje explícito de obligación/medida/previsión + término ambiental en la misma unidad textual,Las respuestas SIC pueden reproducir literalmente el requerimiento de DINACEA; revisar contexto para atribución exacta.
COM269,respuesta SIC,respuesta SIC; puede incluir requerimiento citado,aire_emisiones,,"Evaluación de la afectación a la calidad de aire a. “(…) En el análisis realizado no se incluyó como receptor la zona de Parque de las Ciencias localizada por fuera del predio del proyecto (…) se deberá presentar los resultados de modelación en la operativa normal y de emergencia así como los resultados del análisis de riesgo, incluyendo dicha zona.” b. “No se incluyó la principal caracterización de la serie meteorológica utilizada en el análisis.",,,,,,Eleanor Applications S.R.L. / documentación del proponente,DINACEA,Respuestas-SIC-02-y-SIC-03.pdf,2,,,"Evaluación de la afectación a la calidad de aire a. “(…) En el análisis realizado no se incluyó como receptor la zona de Parque de las Ciencias localizada por fuera del predio del proyecto (…) se deberá presentar los resultados de modelación en la operativa normal y de emergencia así como los resultados del análisis de riesgo, incluyendo dicha zona.” b. “No se incluyó la principal caracterización de la serie meteorológica utilizada en el análisis.","potencialmente incorporado por referencia por Res. 644/2024, num. 1.a; sujeto a prevalencia de la Resolución",native,,lenguaje explícito de obligación/medida/previsión + término ambiental en la misma unidad textual,Las respuestas SIC pueden reproducir literalmente el requerimiento de DINACEA; revisar contexto para atribución exacta.
COM270,respuesta SIC,respuesta/propuesta del proponente,energia,,"De forma similar a lo anteriormente indicado, se solicita revisar la no inclusión de este evento (…). (…) indicar si el proyecto contará con sistemas que garanticen la continuidad del suministro eléctrico en el período inmediato siguiente al corte de energía, del tipo banco de baterías o similar. e. “(…) Se solicita, como mínimo, que los mapas asociados al funcionamiento de emergencia abarquen el área donde los resultados de la modelación prevén superación del valor de AEGL1.",,,,,,Eleanor Applications S.R.L. / documentación del proponente,DINACEA,Respuestas-SIC-02-y-SIC-03.pdf,3,,,"De forma similar a lo anteriormente indicado, se solicita revisar la no inclusión de este evento (…). (…) indicar si el proyecto contará con sistemas que garanticen la continuidad del suministro eléctrico en el período inmediato siguiente al corte de energía, del tipo banco de baterías o similar. e. “(…) Se solicita, como mínimo, que los mapas asociados al funcionamiento de emergencia abarquen el área donde los resultados de la modelación prevén superación del valor de AEGL1.","potencialmente incorporado por referencia por Res. 644/2024, num. 1.a; sujeto a prevalencia de la Resolución",native,,lenguaje explícito de obligación/medida/previsión + término ambiental en la misma unidad textual,Las respuestas SIC pueden reproducir literalmente el requerimiento de DINACEA; revisar contexto para atribución exacta.
COM271,respuesta SIC,respuesta/propuesta del proponente,aire_emisiones,,"Dicho plan deberá comprender acciones a implementar por la titular para los eventos que puedan generen niveles de inmisión de NO2 que excedan los valores de referencia de calidad de aire, diferenciando las medidas a adoptar en función de los estándares establecidos en el Decreto 135/021 así como los niveles guía de exposición aguda (AEGL).” Respuesta 1) a:",,,,,,Eleanor Applications S.R.L. / documentación del proponente,DINACEA,Respuestas-SIC-02-y-SIC-03.pdf,3,,,"Dicho plan deberá comprender acciones a implementar por la titular para los eventos que puedan generen niveles de inmisión de NO2 que excedan los valores de referencia de calidad de aire, diferenciando las medidas a adoptar en función de los estándares establecidos en el Decreto 135/021 así como los niveles guía de exposición aguda (AEGL).” Respuesta 1) a:","potencialmente incorporado por referencia por Res. 644/2024, num. 1.a; sujeto a prevalencia de la Resolución",native,,lenguaje explícito de obligación/medida/previsión + término ambiental en la misma unidad textual,Las respuestas SIC pueden reproducir literalmente el requerimiento de DINACEA; revisar contexto para atribución exacta.
COM272,respuesta SIC,respuesta/propuesta del proponente,energia; aire_emisiones; mitigacion_monitoreo,,"El Plan de Acción de Emergencia, que se activará solo en escenarios de emergencia respecto a una pérdida total prolongada de energía de la utilidad, incluirá lo siguiente: • Monitoreo de la calidad del aire de NO2 en la línea perimetral de la instalación para determinar las condiciones meteorológicas y las concentraciones de calidad del aire ambiente.",,,,,,Eleanor Applications S.R.L. / documentación del proponente,DINACEA,Respuestas-SIC-02-y-SIC-03.pdf,6,,,"El Plan de Acción de Emergencia, que se activará solo en escenarios de emergencia respecto a una pérdida total prolongada de energía de la utilidad, incluirá lo siguiente: • Monitoreo de la calidad del aire de NO2 en la línea perimetral de la instalación para determinar las condiciones meteorológicas y las concentraciones de calidad del aire ambiente.","potencialmente incorporado por referencia por Res. 644/2024, num. 1.a; sujeto a prevalencia de la Resolución",native,,lenguaje explícito de obligación/medida/previsión + término ambiental en la misma unidad textual,Las respuestas SIC pueden reproducir literalmente el requerimiento de DINACEA; revisar contexto para atribución exacta.
COM273,respuesta SIC,respuesta/propuesta del proponente,aire_emisiones; mitigacion_monitoreo,,"En principio se instalará el número adecuado de estaciones compactas de monitoreo de la calidad del aire, con el fin de tener datos en vivo de la calidad del aire durante escenarios de emergencia. • Se registrarán las concentraciones normales de fondo para determinar la contribución del centro de datos a la calidad del aire en cualquier momento. • Árbol de decisiones sobre cómo actuar dependiendo de las concentraciones ambientales de NO2: o Cuando la concentración ambiental en algún punto del perímetro exceda: ▪ 200 µg/m3 en términos de promedio móvil de 1 hora:  Se continúa con el monitoreo.",,,,,,Eleanor Applications S.R.L. / documentación del proponente,DINACEA,Respuestas-SIC-02-y-SIC-03.pdf,6,,,"En principio se instalará el número adecuado de estaciones compactas de monitoreo de la calidad del aire, con el fin de tener datos en vivo de la calidad del aire durante escenarios de emergencia. • Se registrarán las concentraciones normales de fondo para determinar la contribución del centro de datos a la calidad del aire en cualquier momento. • Árbol de decisiones sobre cómo actuar dependiendo de las concentraciones ambientales de NO2: o Cuando la concentración ambiental en algún punto del perímetro exceda: ▪ 200 µg/m3 en términos de promedio móvil de 1 hora:  Se continúa con el monitoreo.","potencialmente incorporado por referencia por Res. 644/2024, num. 1.a; sujeto a prevalencia de la Resolución",native,,lenguaje explícito de obligación/medida/previsión + término ambiental en la misma unidad textual,Las respuestas SIC pueden reproducir literalmente el requerimiento de DINACEA; revisar contexto para atribución exacta.
COM274,respuesta SIC,respuesta/propuesta del proponente,aire_emisiones,,"Este protocolo implementará medidas para alcanzar niveles de concentración inferiores al AEGL 1. o Cuando las concentraciones ambientales en todos los puntos del perímetro estén por debajo de 200 µg/m3 en términos de promedio móvil de 1 hora, se cumplen los límites de calidad del aire.",,,,,,Eleanor Applications S.R.L. / documentación del proponente,DINACEA,Respuestas-SIC-02-y-SIC-03.pdf,6,,,"Este protocolo implementará medidas para alcanzar niveles de concentración inferiores al AEGL 1. o Cuando las concentraciones ambientales en todos los puntos del perímetro estén por debajo de 200 µg/m3 en términos de promedio móvil de 1 hora, se cumplen los límites de calidad del aire.","potencialmente incorporado por referencia por Res. 644/2024, num. 1.a; sujeto a prevalencia de la Resolución",native,,lenguaje explícito de obligación/medida/previsión + término ambiental en la misma unidad textual,Las respuestas SIC pueden reproducir literalmente el requerimiento de DINACEA; revisar contexto para atribución exacta.
COM275,respuesta SIC,respuesta SIC; puede incluir requerimiento citado,efluentes,,"En este sentido se informa que la PTE del PDLC cuenta con una capacidad de tratamiento y condiciones de autorización otorgadas establecidas en las RM 269/2020 y RM 264/2022, por lo cual se deberá presentar la evaluación que el PDLC puede gestionar estos efluentes.",,,,,,Eleanor Applications S.R.L. / documentación del proponente,DINACEA,Respuestas-SIC-02-y-SIC-03.pdf,9,,,"En este sentido se informa que la PTE del PDLC cuenta con una capacidad de tratamiento y condiciones de autorización otorgadas establecidas en las RM 269/2020 y RM 264/2022, por lo cual se deberá presentar la evaluación que el PDLC puede gestionar estos efluentes.","potencialmente incorporado por referencia por Res. 644/2024, num. 1.a; sujeto a prevalencia de la Resolución",native,,lenguaje explícito de obligación/medida/previsión + término ambiental en la misma unidad textual,Las respuestas SIC pueden reproducir literalmente el requerimiento de DINACEA; revisar contexto para atribución exacta.
COM276,respuesta SIC,respuesta/propuesta del proponente,efluentes,,"Nuevo emprendimiento proyecto Teros En el predio de la ampliación se instalará el proyecto Teros, el cual prevé la generación de un máximo de 48 m3/d de efluentes cloacales, a ser enviados a la PTE de PDLC para su tratamiento.",,,,,,Eleanor Applications S.R.L. / documentación del proponente,DINACEA,Respuestas-SIC-02-y-SIC-03.pdf,14,,,"Nuevo emprendimiento proyecto Teros En el predio de la ampliación se instalará el proyecto Teros, el cual prevé la generación de un máximo de 48 m3/d de efluentes cloacales, a ser enviados a la PTE de PDLC para su tratamiento.","potencialmente incorporado por referencia por Res. 644/2024, num. 1.a; sujeto a prevalencia de la Resolución",native,,lenguaje explícito de obligación/medida/previsión + término ambiental en la misma unidad textual,Las respuestas SIC pueden reproducir literalmente el requerimiento de DINACEA; revisar contexto para atribución exacta.
COM277,respuesta SIC,respuesta/propuesta del proponente,aire_emisiones,operación,"3 Para la evaluación de escenarios contingentes asociados a la emisión de NO2 por entrada en operación de los generadores de respaldo, se propone la utilización de los niveles guía de exposición aguda (AEGLs) recogidos por la US EPA (National Research Council, 2012).",,,,,,Eleanor Applications S.R.L. / documentación del proponente,DINACEA,Respuestas-SIC-02-y-SIC-03.pdf,20,,,"3 Para la evaluación de escenarios contingentes asociados a la emisión de NO2 por entrada en operación de los generadores de respaldo, se propone la utilización de los niveles guía de exposición aguda (AEGLs) recogidos por la US EPA (National Research Council, 2012).","potencialmente incorporado por referencia por Res. 644/2024, num. 1.a; sujeto a prevalencia de la Resolución",native,,lenguaje explícito de obligación/medida/previsión + término ambiental en la misma unidad textual,Las respuestas SIC pueden reproducir literalmente el requerimiento de DINACEA; revisar contexto para atribución exacta.
COM278,respuesta SIC,respuesta/propuesta del proponente,aire_emisiones,,"Para la caracterización del riesgo se propone utilizar los valores límite propuestos por la US EPA en su “Acute Exposure Guideline Levels for Airborne Chemicals” (AEGL) para concentración de NO2 (US EPA, 2019).",,,,,,Eleanor Applications S.R.L. / documentación del proponente,DINACEA,Respuestas-SIC-02-y-SIC-03.pdf,21,,,"Para la caracterización del riesgo se propone utilizar los valores límite propuestos por la US EPA en su “Acute Exposure Guideline Levels for Airborne Chemicals” (AEGL) para concentración de NO2 (US EPA, 2019).","potencialmente incorporado por referencia por Res. 644/2024, num. 1.a; sujeto a prevalencia de la Resolución",native,,lenguaje explícito de obligación/medida/previsión + término ambiental en la misma unidad textual,Las respuestas SIC pueden reproducir literalmente el requerimiento de DINACEA; revisar contexto para atribución exacta.
COM279,respuesta SIC,respuesta/propuesta del proponente,,,"Los eventos de duraciones superiores al máximo obtenido en la simulación de Monte Carlo se gestionarán mediante un Plan de Acción de Emergencia, con el objetivo de minimizar el tiempo de funcionamiento de los generadores.",,,,,,Eleanor Applications S.R.L. / documentación del proponente,DINACEA,Respuestas-SIC-02-y-SIC-03.pdf,23,,,"Los eventos de duraciones superiores al máximo obtenido en la simulación de Monte Carlo se gestionarán mediante un Plan de Acción de Emergencia, con el objetivo de minimizar el tiempo de funcionamiento de los generadores.","potencialmente incorporado por referencia por Res. 644/2024, num. 1.a; sujeto a prevalencia de la Resolución",native,,lenguaje explícito de obligación/medida/previsión + término ambiental en la misma unidad textual,Las respuestas SIC pueden reproducir literalmente el requerimiento de DINACEA; revisar contexto para atribución exacta.
COM280,respuesta SIC,respuesta/propuesta del proponente,aire_emisiones,,Este memorando documenta las metodologías de modelado de dispersión y las opciones de modelo utilizadas para demostrar que la instalación propuesta del centro de datos cumplirá con de los objetivos de Calidad del Aire.,,,,,,Eleanor Applications S.R.L. / documentación del proponente,DINACEA,Respuestas-SIC-02-y-SIC-03.pdf,52,,,Este memorando documenta las metodologías de modelado de dispersión y las opciones de modelo utilizadas para demostrar que la instalación propuesta del centro de datos cumplirá con de los objetivos de Calidad del Aire.,"potencialmente incorporado por referencia por Res. 644/2024, num. 1.a; sujeto a prevalencia de la Resolución",native,,lenguaje explícito de obligación/medida/previsión + término ambiental en la misma unidad textual,Las respuestas SIC pueden reproducir literalmente el requerimiento de DINACEA; revisar contexto para atribución exacta.
COM281,respuesta SIC,respuesta/propuesta del proponente,aire_emisiones,,"Para esta metodología se utilizará la relación ambiental mínima NO2 / NOX predeterminada de 0,5 y la relación ambiental máxima de 0,9.",,,,,,Eleanor Applications S.R.L. / documentación del proponente,DINACEA,Respuestas-SIC-02-y-SIC-03.pdf,57,,,"Para esta metodología se utilizará la relación ambiental mínima NO2 / NOX predeterminada de 0,5 y la relación ambiental máxima de 0,9.","potencialmente incorporado por referencia por Res. 644/2024, num. 1.a; sujeto a prevalencia de la Resolución",native,,lenguaje explícito de obligación/medida/previsión + término ambiental en la misma unidad textual,Las respuestas SIC pueden reproducir literalmente el requerimiento de DINACEA; revisar contexto para atribución exacta.
COM282,respuesta SIC,respuesta/propuesta del proponente,aire_emisiones,,"Además, se utilizarán otras estaciones de monitorización para la estimación de PM10 de 1 hora y anuales de NO2, 24 horas y anuales.",,,,,,Eleanor Applications S.R.L. / documentación del proponente,DINACEA,Respuestas-SIC-02-y-SIC-03.pdf,77,,,"Además, se utilizarán otras estaciones de monitorización para la estimación de PM10 de 1 hora y anuales de NO2, 24 horas y anuales.","potencialmente incorporado por referencia por Res. 644/2024, num. 1.a; sujeto a prevalencia de la Resolución",native,,lenguaje explícito de obligación/medida/previsión + término ambiental en la misma unidad textual,Las respuestas SIC pueden reproducir literalmente el requerimiento de DINACEA; revisar contexto para atribución exacta.
COM283,respuesta SIC,respuesta/propuesta del proponente,aire_emisiones,,"La evaluación de la integridad de los datos propone que la estación de Barradas no conforma con la integridad de los datos para NO2, PM2.5 y PM10, por lo tanto, solo se utilizará SO2 de esta estación para esta evaluación.",,,,,,Eleanor Applications S.R.L. / documentación del proponente,DINACEA,Respuestas-SIC-02-y-SIC-03.pdf,79,,,"La evaluación de la integridad de los datos propone que la estación de Barradas no conforma con la integridad de los datos para NO2, PM2.5 y PM10, por lo tanto, solo se utilizará SO2 de esta estación para esta evaluación.","potencialmente incorporado por referencia por Res. 644/2024, num. 1.a; sujeto a prevalencia de la Resolución",native,,lenguaje explícito de obligación/medida/previsión + término ambiental en la misma unidad textual,Las respuestas SIC pueden reproducir literalmente el requerimiento de DINACEA; revisar contexto para atribución exacta.
COM284,respuesta SIC,respuesta/propuesta del proponente,aire_emisiones,,"Anual NO2 DVs estimado con medidas horarias de las estaciones barradas, Curva de Maronas y Tres Cruces Estación Anual NO2 DV (µg/m3) Curva de Maronas (2018) 25,7 Tres Cruces (2015) 39,0 Para esta evaluación se utilizará, 39,0 µg/m3.",,,,,,Eleanor Applications S.R.L. / documentación del proponente,DINACEA,Respuestas-SIC-02-y-SIC-03.pdf,80,,,"Anual NO2 DVs estimado con medidas horarias de las estaciones barradas, Curva de Maronas y Tres Cruces Estación Anual NO2 DV (µg/m3) Curva de Maronas (2018) 25,7 Tres Cruces (2015) 39,0 Para esta evaluación se utilizará, 39,0 µg/m3.","potencialmente incorporado por referencia por Res. 644/2024, num. 1.a; sujeto a prevalencia de la Resolución",native,,lenguaje explícito de obligación/medida/previsión + término ambiental en la misma unidad textual,Las respuestas SIC pueden reproducir literalmente el requerimiento de DINACEA; revisar contexto para atribución exacta.
COM285,respuesta SIC,respuesta/propuesta del proponente,aire_emisiones,,"24 horas y PM2.5 DV anuales estimados con medidas diarias desde la estación de Old City Estación Anual PM2.5 DV (µg/m3) 24 horas PM2.5 DV (µg/m3) Ciudad Vieja 8.3 15.4 Para esta evaluación se utilizará, El DV de PM2.5 calculado por Ciudad Vieja con anual y 24 horas.",,,,,,Eleanor Applications S.R.L. / documentación del proponente,DINACEA,Respuestas-SIC-02-y-SIC-03.pdf,81,,,"24 horas y PM2.5 DV anuales estimados con medidas diarias desde la estación de Old City Estación Anual PM2.5 DV (µg/m3) 24 horas PM2.5 DV (µg/m3) Ciudad Vieja 8.3 15.4 Para esta evaluación se utilizará, El DV de PM2.5 calculado por Ciudad Vieja con anual y 24 horas.","potencialmente incorporado por referencia por Res. 644/2024, num. 1.a; sujeto a prevalencia de la Resolución",native,,lenguaje explícito de obligación/medida/previsión + término ambiental en la misma unidad textual,Las respuestas SIC pueden reproducir literalmente el requerimiento de DINACEA; revisar contexto para atribución exacta.
COM286,respuesta SIC,respuesta/propuesta del proponente,aire_emisiones,,"DV Estimados para períodos de PM10 cada 24 horas y anuales con medidas diarias en la estación de Tres Cruces Estación Anual PM10 DV (µg/m3) 24 horas PM10 DV (µg/m3) Tres Cruces 28,0 40,9 Para esta evaluación se utilizarán los DV calculados por Tres Cruces para PM10 anuales y de 24 horas.",,,,,,Eleanor Applications S.R.L. / documentación del proponente,DINACEA,Respuestas-SIC-02-y-SIC-03.pdf,81,,,"DV Estimados para períodos de PM10 cada 24 horas y anuales con medidas diarias en la estación de Tres Cruces Estación Anual PM10 DV (µg/m3) 24 horas PM10 DV (µg/m3) Tres Cruces 28,0 40,9 Para esta evaluación se utilizarán los DV calculados por Tres Cruces para PM10 anuales y de 24 horas.","potencialmente incorporado por referencia por Res. 644/2024, num. 1.a; sujeto a prevalencia de la Resolución",native,,lenguaje explícito de obligación/medida/previsión + término ambiental en la misma unidad textual,Las respuestas SIC pueden reproducir literalmente el requerimiento de DINACEA; revisar contexto para atribución exacta.
COM287,respuesta SIC,respuesta/propuesta del proponente,generadores_combustible; ruido,operación,"Tabla 5-2 NPS resultantes con DC “Los Teros” en operación – Emergencia Receptor NPS actual (dBA) Aporte del DC (dBA) NPS Resultante (dBA) Variación respecto al nivel actual (dBA) Diurno Nocturno Escenario Modelado Diurno Nocturno Diurno Nocturno MR1 68,7 67,0 61,8 69,5 68,1 0,8 1,1 MR2 63,0 55,2 62,6 65,8 63,3 2,8 8,1 Tabla 5-3 NPS resultantes con DC “Los Teros” en operación – Mantenimiento generador S Receptor NPS actual (dBA) Aporte del DC (dBA) NPS Resultante (dBA) Variación respecto al nivel actual (dBA) Diurno Nocturno Escenario Modelado Diurno Nocturno Diurno Nocturno MR1 68,7 67,0 56 68,9 67,3 0,2 0,3 MR2 63,0 55,2 53 64,3 57,3 0,4 2,1 Por un lado, la determinación de los NPS en los receptores MR1 y MR2 se desprende que el ambiente sonoro esta influenciado por los niveles actuales, la variación ocasionada por las tareas de mantenimiento a desarrollar en el Centro de Datos es menor a 1 dBA, dado que se desarrollarán únicamente en horario diurno, y por tanto, imperceptible por el oído humano.",,,,,,Eleanor Applications S.R.L. / documentación del proponente,DINACEA,Respuestas-SIC-02-y-SIC-03.pdf,94,,,"Tabla 5-2 NPS resultantes con DC “Los Teros” en operación – Emergencia Receptor NPS actual (dBA) Aporte del DC (dBA) NPS Resultante (dBA) Variación respecto al nivel actual (dBA) Diurno Nocturno Escenario Modelado Diurno Nocturno Diurno Nocturno MR1 68,7 67,0 61,8 69,5 68,1 0,8 1,1 MR2 63,0 55,2 62,6 65,8 63,3 2,8 8,1 Tabla 5-3 NPS resultantes con DC “Los Teros” en operación – Mantenimiento generador S Receptor NPS actual (dBA) Aporte del DC (dBA) NPS Resultante (dBA) Variación respecto al nivel actual (dBA) Diurno Nocturno Escenario Modelado Diurno Nocturno Diurno Nocturno MR1 68,7 67,0 56 68,9 67,3 0,2 0,3 MR2 63,0 55,2 53 64,3 57,3 0,4 2,1 Por un lado, la determinación de los NPS en los receptores MR1 y MR2 se desprende que el ambiente sonoro esta influenciado por los niveles actuales, la variación ocasionada por las tareas de mantenimiento a desarrollar en el Centro de Datos es menor a 1 dBA, dado que se desarrollarán únicamente en horario diurno, y por tanto, imperceptible por el oído humano.","potencialmente incorporado por referencia por Res. 644/2024, num. 1.a; sujeto a prevalencia de la Resolución",native,,lenguaje explícito de obligación/medida/previsión + término ambiental en la misma unidad textual,Las respuestas SIC pueden reproducir literalmente el requerimiento de DINACEA; revisar contexto para atribución exacta.
COM288,respuesta SIC,respuesta/propuesta del proponente,ruido,operación,"Conclusiones A partir de la modelación de los niveles de presión sonora realizados para el proyecto Los Teros, teniendo en cuenta los nuevos generadores a instalar, se tienen los niveles de NPS que se generarán en el entorno durante la operación de emergencia y tareas de mantenimiento.",,,,,,Eleanor Applications S.R.L. / documentación del proponente,DINACEA,Respuestas-SIC-02-y-SIC-03.pdf,105,,,"Conclusiones A partir de la modelación de los niveles de presión sonora realizados para el proyecto Los Teros, teniendo en cuenta los nuevos generadores a instalar, se tienen los niveles de NPS que se generarán en el entorno durante la operación de emergencia y tareas de mantenimiento.","potencialmente incorporado por referencia por Res. 644/2024, num. 1.a; sujeto a prevalencia de la Resolución",native,,lenguaje explícito de obligación/medida/previsión + término ambiental en la misma unidad textual,Las respuestas SIC pueden reproducir literalmente el requerimiento de DINACEA; revisar contexto para atribución exacta.
COM289,respuesta SIC,respuesta/propuesta del proponente,,,"Específicamente para el proyecto de Los Teros y su tecnología seleccionada, se incorporarán buenas prácticas operativas y de diseño de infraestructuras relativas a la eficiencia energética en todos los aspectos del centro de datos, incluyendo: • Equipamiento de TI: o El centro utilizará chips de alta eficiencia para los equipos informáticos.",,,,,,Eleanor Applications S.R.L. / documentación del proponente,DINACEA,Respuestas-SIC-02-y-SIC-03.pdf,107,,,"Específicamente para el proyecto de Los Teros y su tecnología seleccionada, se incorporarán buenas prácticas operativas y de diseño de infraestructuras relativas a la eficiencia energética en todos los aspectos del centro de datos, incluyendo: • Equipamiento de TI: o El centro utilizará chips de alta eficiencia para los equipos informáticos.","potencialmente incorporado por referencia por Res. 644/2024, num. 1.a; sujeto a prevalencia de la Resolución",native,,lenguaje explícito de obligación/medida/previsión + término ambiental en la misma unidad textual,Las respuestas SIC pueden reproducir literalmente el requerimiento de DINACEA; revisar contexto para atribución exacta.
COM290,respuesta SIC,respuesta/propuesta del proponente,energia,,"Se utilizarán las últimas versiones de los equipos informáticos de alta eficiencia propios de la empresa, que actualmente son capaces de suministrar aproximadamente el triple de potencia informática por la misma cantidad de energía eléctrica en comparación con los equipos estándar de hace 5 años.",,,,,,Eleanor Applications S.R.L. / documentación del proponente,DINACEA,Respuestas-SIC-02-y-SIC-03.pdf,107,,,"Se utilizarán las últimas versiones de los equipos informáticos de alta eficiencia propios de la empresa, que actualmente son capaces de suministrar aproximadamente el triple de potencia informática por la misma cantidad de energía eléctrica en comparación con los equipos estándar de hace 5 años.","potencialmente incorporado por referencia por Res. 644/2024, num. 1.a; sujeto a prevalencia de la Resolución",native,,lenguaje explícito de obligación/medida/previsión + término ambiental en la misma unidad textual,Las respuestas SIC pueden reproducir literalmente el requerimiento de DINACEA; revisar contexto para atribución exacta.
COM291,respuesta SIC,respuesta/propuesta del proponente,refrigeracion,,"En su lugar, utilizará chillers enfriados por aire como sistema de refrigeración.",,,,,,Eleanor Applications S.R.L. / documentación del proponente,DINACEA,Respuestas-SIC-02-y-SIC-03.pdf,108,,,"En su lugar, utilizará chillers enfriados por aire como sistema de refrigeración.","potencialmente incorporado por referencia por Res. 644/2024, num. 1.a; sujeto a prevalencia de la Resolución",native,,lenguaje explícito de obligación/medida/previsión + término ambiental en la misma unidad textual,Las respuestas SIC pueden reproducir literalmente el requerimiento de DINACEA; revisar contexto para atribución exacta.
COM292,respuesta SIC,respuesta/propuesta del proponente,refrigeracion; energia; gei_clima; refrigerantes,,"Con el centro de datos operando a su máxima capacidad se prevé tener valores de PUE mínimo y máximo de aproximadamente 1,12 y 1,35 respectivamente, con un PUE medio anual dentro de ese rango. o Se instalarán chillers de última generación que utilizan refrigerante de bajo PCA, compresores de levitación magnética y ventiladores super eficientes que permiten funcionar con enfriamiento gratuito (“free cooling”) parcial o total durante el año para aprovechar el clima ambiental favorable de la región y reducir el consumo de energía necesario del equipo de refrigeración. o El equipo de refrigeración utilizará tecnología de accionamiento de frecuencia variable (VFD) en lugar de equipos menos eficientes de velocidad fija.",,,,,,Eleanor Applications S.R.L. / documentación del proponente,DINACEA,Respuestas-SIC-02-y-SIC-03.pdf,108,,,"Con el centro de datos operando a su máxima capacidad se prevé tener valores de PUE mínimo y máximo de aproximadamente 1,12 y 1,35 respectivamente, con un PUE medio anual dentro de ese rango. o Se instalarán chillers de última generación que utilizan refrigerante de bajo PCA, compresores de levitación magnética y ventiladores super eficientes que permiten funcionar con enfriamiento gratuito (“free cooling”) parcial o total durante el año para aprovechar el clima ambiental favorable de la región y reducir el consumo de energía necesario del equipo de refrigeración. o El equipo de refrigeración utilizará tecnología de accionamiento de frecuencia variable (VFD) en lugar de equipos menos eficientes de velocidad fija.","potencialmente incorporado por referencia por Res. 644/2024, num. 1.a; sujeto a prevalencia de la Resolución",native,,lenguaje explícito de obligación/medida/previsión + término ambiental en la misma unidad textual,Las respuestas SIC pueden reproducir literalmente el requerimiento de DINACEA; revisar contexto para atribución exacta.
COM293,respuesta SIC,respuesta/propuesta del proponente,refrigeracion; energia; luz_paisaje; mitigacion_monitoreo,construcción y operación,"Los VFD tendrán una eficiencia mínima prevista del 96%. • Sistema eléctrico: o El diseño del sitio contará con un Sistema de Monitoreo de Energía para medir datos de uso de energía, que se utilizarán para el monitoreo, análisis, y pronóstico del consumo energético, para promover la eficiencia energética en la operación del centro de datos. o Los transformadores eléctricos se construirán según normas de alta eficiencia: ▪ Está previsto que los transformadores de aceite de la subestación primaria y los transformadores secos de la subestación secundaria tengan un rendimiento mínimo del 99%. ▪ Está previsto que los transformadores de tipo seco de distribución tengan un rendimiento mínimo del 98%. • Instalación general: o El diseño del emplazamiento incluirá el despliegue de controles inteligentes de temperatura, iluminación y refrigeración en todo el recinto.",,,,,,Eleanor Applications S.R.L. / documentación del proponente,DINACEA,Respuestas-SIC-02-y-SIC-03.pdf,108,,,"Los VFD tendrán una eficiencia mínima prevista del 96%. • Sistema eléctrico: o El diseño del sitio contará con un Sistema de Monitoreo de Energía para medir datos de uso de energía, que se utilizarán para el monitoreo, análisis, y pronóstico del consumo energético, para promover la eficiencia energética en la operación del centro de datos. o Los transformadores eléctricos se construirán según normas de alta eficiencia: ▪ Está previsto que los transformadores de aceite de la subestación primaria y los transformadores secos de la subestación secundaria tengan un rendimiento mínimo del 99%. ▪ Está previsto que los transformadores de tipo seco de distribución tengan un rendimiento mínimo del 98%. • Instalación general: o El diseño del emplazamiento incluirá el despliegue de controles inteligentes de temperatura, iluminación y refrigeración en todo el recinto.","potencialmente incorporado por referencia por Res. 644/2024, num. 1.a; sujeto a prevalencia de la Resolución",native,,lenguaje explícito de obligación/medida/previsión + término ambiental en la misma unidad textual,Las respuestas SIC pueden reproducir literalmente el requerimiento de DINACEA; revisar contexto para atribución exacta.
COM294,respuesta SIC,respuesta/propuesta del proponente,energia,,"3 o El centro incluirá una función de recuperación de energía en el sistema de calefacción, ventilación y aire acondicionado de las oficinas para aumentar la eficiencia energética del edificio.",,,,,,Eleanor Applications S.R.L. / documentación del proponente,DINACEA,Respuestas-SIC-02-y-SIC-03.pdf,109,,,"3 o El centro incluirá una función de recuperación de energía en el sistema de calefacción, ventilación y aire acondicionado de las oficinas para aumentar la eficiencia energética del edificio.","potencialmente incorporado por referencia por Res. 644/2024, num. 1.a; sujeto a prevalencia de la Resolución",native,,lenguaje explícito de obligación/medida/previsión + término ambiental en la misma unidad textual,Las respuestas SIC pueden reproducir literalmente el requerimiento de DINACEA; revisar contexto para atribución exacta.
COM295,requerimiento de autoridad,requerimiento/condición de autoridad,,,"Por tanto se reitera al titular que deberá presentar los resultados de modelación en la operativa normal y de emergencia así como los resultados del análisis de riesgo, incluyendo la zona de Parque de las Ciencias localizada por fuera del predio del proyecto, a los efectos de poder continuar con la puesta de manifiesto público del IAR.",,,,,,DINACEA / Ministerio de Ambiente,,Solicitud-de-informacion-complementaria-04-e-IAR.pdf,1,,,"Por tanto se reitera al titular que deberá presentar los resultados de modelación en la operativa normal y de emergencia así como los resultados del análisis de riesgo, incluyendo la zona de Parque de las Ciencias localizada por fuera del predio del proyecto, a los efectos de poder continuar con la puesta de manifiesto público del IAR.",condición/requerimiento del expediente; verificar relación con Resolución 644/2024,native,,lenguaje explícito de obligación/medida/previsión + término ambiental en la misma unidad textual,
COM296,requerimiento de autoridad,requerimiento/condición de autoridad,,,"En lo referente a su contenido, el IAR deberá ajustarse a lo dispuesto en el Art.",,,,,,DINACEA / Ministerio de Ambiente,,Solicitud-de-informacion-complementaria-04-e-IAR.pdf,1,,,"En lo referente a su contenido, el IAR deberá ajustarse a lo dispuesto en el Art.",condición/requerimiento del expediente; verificar relación con Resolución 644/2024,native,,lenguaje explícito de obligación/medida/previsión + término ambiental en la misma unidad textual,
COM297,requerimiento de autoridad,evaluación/criterio de autoridad,,,"Indicar, cuando corresponda, si el proyecto generará nuevos puestos de trabajo para su funcionamiento.",,,,,,DINACEA / Ministerio de Ambiente,,Solicitud-de-informacion-complementaria-04-e-IAR.pdf,2,,,"Indicar, cuando corresponda, si el proyecto generará nuevos puestos de trabajo para su funcionamiento.",condición/requerimiento del expediente; verificar relación con Resolución 644/2024,native,,lenguaje explícito de obligación/medida/previsión + término ambiental en la misma unidad textual,
COM298,requerimiento de autoridad,requerimiento/condición de autoridad,aire_emisiones,,"Por ejemplo en caso de corresponder a efectos por emisiones se deberán señalar las emisiones al aire –gaseosas, sonoras, de material particulado, vibraciones, etc.; líquidas y residuos sólidos, se debe indicar la calidad y cantidad por unidad de tiempo o de producción, indicando la fuente de las emisiones.",,,,,,DINACEA / Ministerio de Ambiente,,Solicitud-de-informacion-complementaria-04-e-IAR.pdf,2,,,"Por ejemplo en caso de corresponder a efectos por emisiones se deberán señalar las emisiones al aire –gaseosas, sonoras, de material particulado, vibraciones, etc.; líquidas y residuos sólidos, se debe indicar la calidad y cantidad por unidad de tiempo o de producción, indicando la fuente de las emisiones.",condición/requerimiento del expediente; verificar relación con Resolución 644/2024,native,,lenguaje explícito de obligación/medida/previsión + término ambiental en la misma unidad textual,
COM299,requerimiento de autoridad,evaluación/criterio de autoridad,mitigacion_monitoreo,,"Cuando corresponda, indicar qué se hará con las emisiones al aire, líquidas y sólidas, más significativas que generará el proyecto indicando las medidas tecnológicas previstas para reducirlas y disponerlas, así como el plan de gestión de riesgos.",,,,,,DINACEA / Ministerio de Ambiente,,Solicitud-de-informacion-complementaria-04-e-IAR.pdf,2,,,"Cuando corresponda, indicar qué se hará con las emisiones al aire, líquidas y sólidas, más significativas que generará el proyecto indicando las medidas tecnológicas previstas para reducirlas y disponerlas, así como el plan de gestión de riesgos.",condición/requerimiento del expediente; verificar relación con Resolución 644/2024,native,,lenguaje explícito de obligación/medida/previsión + término ambiental en la misma unidad textual,
COM300,respuesta SIC,respuesta/propuesta del proponente,aire_emisiones,,Este memorando documenta las metodologías de modelado de dispersión y las opciones de modelo utilizadas para demostrar que la instalación propuesta del centro de datos cumplirá con de los objetivos de Calidad del Aire.,,,,,,Eleanor Applications S.R.L. / documentación del proponente,DINACEA,Respuesta-SIC-04-V2.pdf,4,,,Este memorando documenta las metodologías de modelado de dispersión y las opciones de modelo utilizadas para demostrar que la instalación propuesta del centro de datos cumplirá con de los objetivos de Calidad del Aire.,"potencialmente incorporado por referencia por Res. 644/2024, num. 1.a; sujeto a prevalencia de la Resolución",native,,lenguaje explícito de obligación/medida/previsión + término ambiental en la misma unidad textual,Las respuestas SIC pueden reproducir literalmente el requerimiento de DINACEA; revisar contexto para atribución exacta.
COM301,respuesta SIC,respuesta/propuesta del proponente,aire_emisiones,,"Para esta metodología se utilizará la relación ambiental mínima NO2 / NOX predeterminada de 0,5 y la relación ambiental máxima de 0,9.",,,,,,Eleanor Applications S.R.L. / documentación del proponente,DINACEA,Respuesta-SIC-04-V2.pdf,9,,,"Para esta metodología se utilizará la relación ambiental mínima NO2 / NOX predeterminada de 0,5 y la relación ambiental máxima de 0,9.","potencialmente incorporado por referencia por Res. 644/2024, num. 1.a; sujeto a prevalencia de la Resolución",native,,lenguaje explícito de obligación/medida/previsión + término ambiental en la misma unidad textual,Las respuestas SIC pueden reproducir literalmente el requerimiento de DINACEA; revisar contexto para atribución exacta.
COM302,respuesta SIC,respuesta/propuesta del proponente,aire_emisiones,,"Además, se utilizarán otras estaciones de monitorización para la estimación de PM10 de 1 hora y anuales de NO2, 24 horas y anuales.",,,,,,Eleanor Applications S.R.L. / documentación del proponente,DINACEA,Respuesta-SIC-04-V2.pdf,28,,,"Además, se utilizarán otras estaciones de monitorización para la estimación de PM10 de 1 hora y anuales de NO2, 24 horas y anuales.","potencialmente incorporado por referencia por Res. 644/2024, num. 1.a; sujeto a prevalencia de la Resolución",native,,lenguaje explícito de obligación/medida/previsión + término ambiental en la misma unidad textual,Las respuestas SIC pueden reproducir literalmente el requerimiento de DINACEA; revisar contexto para atribución exacta.
COM303,respuesta SIC,respuesta/propuesta del proponente,aire_emisiones,,"La evaluación de la integridad de los datos propone que la estación de Barradas no conforma con la integridad de los datos para NO2, PM2.5 y PM10, por lo tanto, solo se utilizará SO2 de esta estación para esta evaluación.",,,,,,Eleanor Applications S.R.L. / documentación del proponente,DINACEA,Respuesta-SIC-04-V2.pdf,30,,,"La evaluación de la integridad de los datos propone que la estación de Barradas no conforma con la integridad de los datos para NO2, PM2.5 y PM10, por lo tanto, solo se utilizará SO2 de esta estación para esta evaluación.","potencialmente incorporado por referencia por Res. 644/2024, num. 1.a; sujeto a prevalencia de la Resolución",native,,lenguaje explícito de obligación/medida/previsión + término ambiental en la misma unidad textual,Las respuestas SIC pueden reproducir literalmente el requerimiento de DINACEA; revisar contexto para atribución exacta.
COM304,respuesta SIC,respuesta/propuesta del proponente,aire_emisiones,,"Anual NO2 DVs estimado con medidas horarias de las estaciones barradas, Curva de Maronas y Tres Cruces Estación Anual NO2 DV (µg/m3) Curva de Maronas (2018) 25,7 Tres Cruces (2015) 39,0 Para esta evaluación se utilizará, 39,0 µg/m3.",,,,,,Eleanor Applications S.R.L. / documentación del proponente,DINACEA,Respuesta-SIC-04-V2.pdf,31,,,"Anual NO2 DVs estimado con medidas horarias de las estaciones barradas, Curva de Maronas y Tres Cruces Estación Anual NO2 DV (µg/m3) Curva de Maronas (2018) 25,7 Tres Cruces (2015) 39,0 Para esta evaluación se utilizará, 39,0 µg/m3.","potencialmente incorporado por referencia por Res. 644/2024, num. 1.a; sujeto a prevalencia de la Resolución",native,,lenguaje explícito de obligación/medida/previsión + término ambiental en la misma unidad textual,Las respuestas SIC pueden reproducir literalmente el requerimiento de DINACEA; revisar contexto para atribución exacta.
COM305,respuesta SIC,respuesta/propuesta del proponente,aire_emisiones,,"24 horas y PM2.5 DV anuales estimados con medidas diarias desde la estación de Old City Estación Anual PM2.5 DV (µg/m3) 24 horas PM2.5 DV (µg/m3) Ciudad Vieja 8.3 15.4 Para esta evaluación se utilizará, El DV de PM2.5 calculado por Ciudad Vieja con anual y 24 horas.",,,,,,Eleanor Applications S.R.L. / documentación del proponente,DINACEA,Respuesta-SIC-04-V2.pdf,32,,,"24 horas y PM2.5 DV anuales estimados con medidas diarias desde la estación de Old City Estación Anual PM2.5 DV (µg/m3) 24 horas PM2.5 DV (µg/m3) Ciudad Vieja 8.3 15.4 Para esta evaluación se utilizará, El DV de PM2.5 calculado por Ciudad Vieja con anual y 24 horas.","potencialmente incorporado por referencia por Res. 644/2024, num. 1.a; sujeto a prevalencia de la Resolución",native,,lenguaje explícito de obligación/medida/previsión + término ambiental en la misma unidad textual,Las respuestas SIC pueden reproducir literalmente el requerimiento de DINACEA; revisar contexto para atribución exacta.
COM306,respuesta SIC,respuesta/propuesta del proponente,aire_emisiones,,"DV Estimados para períodos de PM10 cada 24 horas y anuales con medidas diarias en la estación de Tres Cruces Estación Anual PM10 DV (µg/m3) 24 horas PM10 DV (µg/m3) Tres Cruces 28,0 40,9 Para esta evaluación se utilizarán los DV calculados por Tres Cruces para PM10 anuales y de 24 horas.",,,,,,Eleanor Applications S.R.L. / documentación del proponente,DINACEA,Respuesta-SIC-04-V2.pdf,32,,,"DV Estimados para períodos de PM10 cada 24 horas y anuales con medidas diarias en la estación de Tres Cruces Estación Anual PM10 DV (µg/m3) 24 horas PM10 DV (µg/m3) Tres Cruces 28,0 40,9 Para esta evaluación se utilizarán los DV calculados por Tres Cruces para PM10 anuales y de 24 horas.","potencialmente incorporado por referencia por Res. 644/2024, num. 1.a; sujeto a prevalencia de la Resolución",native,,lenguaje explícito de obligación/medida/previsión + término ambiental en la misma unidad textual,Las respuestas SIC pueden reproducir literalmente el requerimiento de DINACEA; revisar contexto para atribución exacta.
COM307,respuesta SIC,respuesta/propuesta del proponente,aire_emisiones,operación,"3 Para la evaluación de escenarios contingentes asociados a la emisión de NO2 por entrada en operación de los generadores de respaldo, se propone la utilización de los niveles guía de exposición aguda (AEGLs) recogidos por la US EPA (National Research Council, 2012).",,,,,,Eleanor Applications S.R.L. / documentación del proponente,DINACEA,Respuesta-SIC-04-V2.pdf,36,,,"3 Para la evaluación de escenarios contingentes asociados a la emisión de NO2 por entrada en operación de los generadores de respaldo, se propone la utilización de los niveles guía de exposición aguda (AEGLs) recogidos por la US EPA (National Research Council, 2012).","potencialmente incorporado por referencia por Res. 644/2024, num. 1.a; sujeto a prevalencia de la Resolución",native,,lenguaje explícito de obligación/medida/previsión + término ambiental en la misma unidad textual,Las respuestas SIC pueden reproducir literalmente el requerimiento de DINACEA; revisar contexto para atribución exacta.
COM308,respuesta SIC,respuesta/propuesta del proponente,aire_emisiones,,"Para la caracterización del riesgo se propone utilizar los valores límite propuestos por la US EPA en su “Acute Exposure Guideline Levels for Airborne Chemicals” (AEGL) para concentración de NO2 (US EPA, 2019).",,,,,,Eleanor Applications S.R.L. / documentación del proponente,DINACEA,Respuesta-SIC-04-V2.pdf,37,,,"Para la caracterización del riesgo se propone utilizar los valores límite propuestos por la US EPA en su “Acute Exposure Guideline Levels for Airborne Chemicals” (AEGL) para concentración de NO2 (US EPA, 2019).","potencialmente incorporado por referencia por Res. 644/2024, num. 1.a; sujeto a prevalencia de la Resolución",native,,lenguaje explícito de obligación/medida/previsión + término ambiental en la misma unidad textual,Las respuestas SIC pueden reproducir literalmente el requerimiento de DINACEA; revisar contexto para atribución exacta.
COM309,respuesta SIC,respuesta/propuesta del proponente,,,"Los eventos de duraciones superiores al máximo obtenido en la simulación de Monte Carlo se gestionarán mediante un Plan de Acción de Emergencia, con el objetivo de minimizar el tiempo de funcionamiento de los generadores.",,,,,,Eleanor Applications S.R.L. / documentación del proponente,DINACEA,Respuesta-SIC-04-V2.pdf,39,,,"Los eventos de duraciones superiores al máximo obtenido en la simulación de Monte Carlo se gestionarán mediante un Plan de Acción de Emergencia, con el objetivo de minimizar el tiempo de funcionamiento de los generadores.","potencialmente incorporado por referencia por Res. 644/2024, num. 1.a; sujeto a prevalencia de la Resolución",native,,lenguaje explícito de obligación/medida/previsión + término ambiental en la misma unidad textual,Las respuestas SIC pueden reproducir literalmente el requerimiento de DINACEA; revisar contexto para atribución exacta.
COM310,documentación del proyecto,medida/compromiso del proponente,,operación,"2) ¿De qué se trata el proyecto? El emprendimiento consiste en la instalación y la operación de un edificio de centros de datos (que se instalará en etapas) y sus instalaciones asociadas, con el objetivo de asegurar el almacenamiento y procesamiento de datos por medio de servidores informáticos.",,,,,,Eleanor Applications S.R.L. / documentación del proponente,DINACEA,Ficha-IAR.pdf,1,,,"2) ¿De qué se trata el proyecto? El emprendimiento consiste en la instalación y la operación de un edificio de centros de datos (que se instalará en etapas) y sus instalaciones asociadas, con el objetivo de asegurar el almacenamiento y procesamiento de datos por medio de servidores informáticos.","potencialmente incorporado por referencia por Res. 644/2024, num. 1.a; sujeto a prevalencia de la Resolución",native,,lenguaje explícito de obligación/medida/previsión + término ambiental en la misma unidad textual,
COM311,documentación del proyecto,medida/compromiso del proponente,refrigeracion,operación,"Durante la fase de operación del emprendimiento se realizarán actividades de mantenimiento general de las instalaciones, de los equipos de refrigeración y de los generadores.",,,,,,Eleanor Applications S.R.L. / documentación del proponente,DINACEA,Ficha-IAR.pdf,2,,,"Durante la fase de operación del emprendimiento se realizarán actividades de mantenimiento general de las instalaciones, de los equipos de refrigeración y de los generadores.","potencialmente incorporado por referencia por Res. 644/2024, num. 1.a; sujeto a prevalencia de la Resolución",native,,lenguaje explícito de obligación/medida/previsión + término ambiental en la misma unidad textual,
COM312,documentación del proyecto,medida/compromiso del proponente,,operación,"7) ¿Cómo prevé el proyecto reducir o atender esos efectos? Se implementarán medidas de gestión generales durante la fase de operación del emprendimiento, tales como el mantenimiento periódico de equipos, de manera que sus emisiones sonoras se mantengan dentro de lo estipulado por el proveedor, y dar cumplimiento a las condiciones establecidas para el mantenimiento de los generadores (que se realizará en horario diurno y de a uno por vez), para controlar las emisiones a la atmósfera durante la operación normal.",,,,,,Eleanor Applications S.R.L. / documentación del proponente,DINACEA,Ficha-IAR.pdf,2,,,"7) ¿Cómo prevé el proyecto reducir o atender esos efectos? Se implementarán medidas de gestión generales durante la fase de operación del emprendimiento, tales como el mantenimiento periódico de equipos, de manera que sus emisiones sonoras se mantengan dentro de lo estipulado por el proveedor, y dar cumplimiento a las condiciones establecidas para el mantenimiento de los generadores (que se realizará en horario diurno y de a uno por vez), para controlar las emisiones a la atmósfera durante la operación normal.","potencialmente incorporado por referencia por Res. 644/2024, num. 1.a; sujeto a prevalencia de la Resolución",native,,lenguaje explícito de obligación/medida/previsión + término ambiental en la misma unidad textual,
COM313,documentación del proyecto,medida/compromiso del proponente,aire_emisiones,,"Además, los generadores a utilizar contarán con certificación de niveles de emisión “Tier 2” de la US EPA.",,,,,,Eleanor Applications S.R.L. / documentación del proponente,DINACEA,Ficha-IAR.pdf,2,,,"Además, los generadores a utilizar contarán con certificación de niveles de emisión “Tier 2” de la US EPA.","potencialmente incorporado por referencia por Res. 644/2024, num. 1.a; sujeto a prevalencia de la Resolución",native,,lenguaje explícito de obligación/medida/previsión + término ambiental en la misma unidad textual,
COM314,requerimiento de autoridad,requerimiento/condición de autoridad,agua; aire_emisiones,,"Asimismo, se deberá presentar la evaluación de la tecnología seleccionada con las mejores tecnologías disponibles para generadores de emergencia, considerando los niveles de inmisión esperados a partir del modelo de dispersión aplicado. • La gestión de los efluentes derivados del sistema de enfriamiento y su potencial afectación a la calidad de agua del Río de la Plata. • La afectación a los niveles de presión sonora de los receptores ubicados en el entorno del emprendimiento en condiciones normales y en situaciones de contingencia.",,,,,,DINACEA / Ministerio de Ambiente,,Informe-Final.pdf,1,,,"Asimismo, se deberá presentar la evaluación de la tecnología seleccionada con las mejores tecnologías disponibles para generadores de emergencia, considerando los niveles de inmisión esperados a partir del modelo de dispersión aplicado. • La gestión de los efluentes derivados del sistema de enfriamiento y su potencial afectación a la calidad de agua del Río de la Plata. • La afectación a los niveles de presión sonora de los receptores ubicados en el entorno del emprendimiento en condiciones normales y en situaciones de contingencia.",condición/requerimiento del expediente; verificar relación con Resolución 644/2024,native,,lenguaje explícito de obligación/medida/previsión + término ambiental en la misma unidad textual,
COM315,requerimiento de autoridad,evaluación/criterio de autoridad,,construcción y operación,"2.2 DESCRIPCIÓN DEL EMPRENDIMIENTO El emprendimiento propuesto en su desarrollo global prevé la construcción y operación de un edificio de centro de datos, que se instalará en 4 etapas, y otras instalaciones auxiliares.",,,,,,DINACEA / Ministerio de Ambiente,,Informe-Final.pdf,3,,,"2.2 DESCRIPCIÓN DEL EMPRENDIMIENTO El emprendimiento propuesto en su desarrollo global prevé la construcción y operación de un edificio de centro de datos, que se instalará en 4 etapas, y otras instalaciones auxiliares.",condición/requerimiento del expediente; verificar relación con Resolución 644/2024,native,,lenguaje explícito de obligación/medida/previsión + término ambiental en la misma unidad textual,
COM316,requerimiento de autoridad,evaluación/criterio de autoridad,energia,,"Los principales componentes del emprendimiento propuesto son: • Edificio de centro de datos (DC-01): se utilizarán los equipos informáticos de alta eficiencia propios de la empresa. • Sistema de enfriamiento para el edificio de dentro de datos: constituido por 32 “chillers” enfriados por aire. • Subestación eléctrica • Patio eléctrico para el edificio de centro de datos (EYD): este sector incluirá las conexiones eléctricas tanto para el suministro de energía desde la subestación, como desde los generadores de emergencia.",,,,,,DINACEA / Ministerio de Ambiente,,Informe-Final.pdf,3,,,"Los principales componentes del emprendimiento propuesto son: • Edificio de centro de datos (DC-01): se utilizarán los equipos informáticos de alta eficiencia propios de la empresa. • Sistema de enfriamiento para el edificio de dentro de datos: constituido por 32 “chillers” enfriados por aire. • Subestación eléctrica • Patio eléctrico para el edificio de centro de datos (EYD): este sector incluirá las conexiones eléctricas tanto para el suministro de energía desde la subestación, como desde los generadores de emergencia.",condición/requerimiento del expediente; verificar relación con Resolución 644/2024,native,,lenguaje explícito de obligación/medida/previsión + término ambiental en la misma unidad textual,
COM317,requerimiento de autoridad,evaluación/criterio de autoridad,energia; generadores_combustible,,"En caso de interrupción del suministro de UTE, se operará con respaldo de emergencia a través de generadores diésel.",,,,,,DINACEA / Ministerio de Ambiente,,Informe-Final.pdf,4,,,"En caso de interrupción del suministro de UTE, se operará con respaldo de emergencia a través de generadores diésel.",condición/requerimiento del expediente; verificar relación con Resolución 644/2024,native,,lenguaje explícito de obligación/medida/previsión + término ambiental en la misma unidad textual,
COM318,requerimiento de autoridad,evaluación/criterio de autoridad,agua; generadores_combustible,,"El proceso de abastecimiento y distribución de combustible se realizará en la zona de abastecimiento ubicada en el patio eléctrico y mecánico, de manera separada, la cual distribuirá a cada generador eléctrico por medio de tuberías, válvulas y bombas.",,,,,,DINACEA / Ministerio de Ambiente,,Informe-Final.pdf,5,,,"El proceso de abastecimiento y distribución de combustible se realizará en la zona de abastecimiento ubicada en el patio eléctrico y mecánico, de manera separada, la cual distribuirá a cada generador eléctrico por medio de tuberías, válvulas y bombas.",condición/requerimiento del expediente; verificar relación con Resolución 644/2024,native,,lenguaje explícito de obligación/medida/previsión + término ambiental en la misma unidad textual,
COM319,requerimiento de autoridad,evaluación/criterio de autoridad,generadores_combustible; mitigacion_monitoreo,,"El sistema de recepción de combustible contará con un control autónomo, para mayor seguridad durante el proceso de distribución.",,,,,,DINACEA / Ministerio de Ambiente,,Informe-Final.pdf,5,,,"El sistema de recepción de combustible contará con un control autónomo, para mayor seguridad durante el proceso de distribución.",condición/requerimiento del expediente; verificar relación con Resolución 644/2024,native,,lenguaje explícito de obligación/medida/previsión + término ambiental en la misma unidad textual,
COM320,requerimiento de autoridad,evaluación/criterio de autoridad,generadores_combustible; aire_emisiones; mitigacion_monitoreo,,"Los generadores seleccionados, según la evaluación de la mejor tecnología de control disponible (MTCD) realizada, contarán con certificación de niveles de emisión “Tier 2” de la US EPA, acoplado con buenas prácticas de combustión y mantenimiento además de la adecuada selección de combustible SO2 y PM.",,,,,,DINACEA / Ministerio de Ambiente,,Informe-Final.pdf,5,,,"Los generadores seleccionados, según la evaluación de la mejor tecnología de control disponible (MTCD) realizada, contarán con certificación de niveles de emisión “Tier 2” de la US EPA, acoplado con buenas prácticas de combustión y mantenimiento además de la adecuada selección de combustible SO2 y PM.",condición/requerimiento del expediente; verificar relación con Resolución 644/2024,native,,lenguaje explícito de obligación/medida/previsión + término ambiental en la misma unidad textual,
COM321,requerimiento de autoridad,evaluación/criterio de autoridad,generadores_combustible; aire_emisiones,,"Contaminante Selección de MTCD CO Motor Tier 2, acoplado con buenas prácticas de combustión y mantenimiento SO2 Motor Tier 2, acoplado con buenas prácticas de combustión y mantenimiento + combustible ULSD MP Tier 2, acoplado con buenas prácticas de combustión y mantenimiento + combustible ULSD NO2 Motor Tier 2, acoplado con buenas prácticas de combustión y mantenimiento Tabla 1 (ULSD: combustible con bajo contenido de azufre (no más de 15 ppm)) Bajo condiciones normales de funcionamiento, los generadores operarán únicamente una vez por mes para su mantenimiento, aproximadamente al 75% de carga durante 45 minutos en el caso de los generadores de 2.750 KW y durante 30 minutos en el caso de los generadores de 1.000 KW.",,,,,,DINACEA / Ministerio de Ambiente,,Informe-Final.pdf,5,,,"Contaminante Selección de MTCD CO Motor Tier 2, acoplado con buenas prácticas de combustión y mantenimiento SO2 Motor Tier 2, acoplado con buenas prácticas de combustión y mantenimiento + combustible ULSD MP Tier 2, acoplado con buenas prácticas de combustión y mantenimiento + combustible ULSD NO2 Motor Tier 2, acoplado con buenas prácticas de combustión y mantenimiento Tabla 1 (ULSD: combustible con bajo contenido de azufre (no más de 15 ppm)) Bajo condiciones normales de funcionamiento, los generadores operarán únicamente una vez por mes para su mantenimiento, aproximadamente al 75% de carga durante 45 minutos en el caso de los generadores de 2.750 KW y durante 30 minutos en el caso de los generadores de 1.000 KW.",condición/requerimiento del expediente; verificar relación con Resolución 644/2024,native,,lenguaje explícito de obligación/medida/previsión + término ambiental en la misma unidad textual,
COM322,requerimiento de autoridad,evaluación/criterio de autoridad,agua,,"Para el tratamiento químico del agua del sistema de enfriamiento (circuito cerrado) se utilizarán biocidas, inhibidores de corrosión e inhibidores de incrustaciones.",,,,,,DINACEA / Ministerio de Ambiente,,Informe-Final.pdf,6,,,"Para el tratamiento químico del agua del sistema de enfriamiento (circuito cerrado) se utilizarán biocidas, inhibidores de corrosión e inhibidores de incrustaciones.",condición/requerimiento del expediente; verificar relación con Resolución 644/2024,native,,lenguaje explícito de obligación/medida/previsión + término ambiental en la misma unidad textual,
COM323,requerimiento de autoridad,evaluación/criterio de autoridad,generadores_combustible; aire_emisiones,,"Los generadores a utilizar contarán con certificación de niveles de emisión “Tier 2” de la US EPA, acoplados con buenas prácticas de combustión y mantenimiento, además de la adecuada selección de combustible SO2 y PM.",,,,,,DINACEA / Ministerio de Ambiente,,Informe-Final.pdf,7,,,"Los generadores a utilizar contarán con certificación de niveles de emisión “Tier 2” de la US EPA, acoplados con buenas prácticas de combustión y mantenimiento, además de la adecuada selección de combustible SO2 y PM.",condición/requerimiento del expediente; verificar relación con Resolución 644/2024,native,,lenguaje explícito de obligación/medida/previsión + término ambiental en la misma unidad textual,
COM324,requerimiento de autoridad,evaluación/criterio de autoridad,aire_emisiones,,"El mantenimiento de los generadores generará emisiones de gases de combustión: monóxido de carbono (CO), óxidos de nitrógeno (NO2), material particulado (MP) y dióxido de azufre (SO2) (Tabla 2).",,,,,,DINACEA / Ministerio de Ambiente,,Informe-Final.pdf,7,,,"El mantenimiento de los generadores generará emisiones de gases de combustión: monóxido de carbono (CO), óxidos de nitrógeno (NO2), material particulado (MP) y dióxido de azufre (SO2) (Tabla 2).",condición/requerimiento del expediente; verificar relación con Resolución 644/2024,native,,lenguaje explícito de obligación/medida/previsión + término ambiental en la misma unidad textual,
COM325,requerimiento de autoridad,evaluación/criterio de autoridad,generadores_combustible,,Se destaca que se prevé la utilización de combustible diésel con bajo contenido de azufre.,,,,,,DINACEA / Ministerio de Ambiente,,Informe-Final.pdf,7,,,Se destaca que se prevé la utilización de combustible diésel con bajo contenido de azufre.,condición/requerimiento del expediente; verificar relación con Resolución 644/2024,native,,lenguaje explícito de obligación/medida/previsión + término ambiental en la misma unidad textual,
COM326,requerimiento de autoridad,evaluación/criterio de autoridad,agua; refrigeracion; energia,,"Teniendo en cuenta que se utilizarán chillers enfriados por aire como sistema de refrigeración, en lugar de agua, para esta tecnología de enfriamiento el centro de datos operando a su máxima capacidad prevé tener valores de PUE mínimo y máximo de aproximadamente 1,12 y 1,35 respectivamente, con un PUE medio anual dentro de ese rango.",,,,,,DINACEA / Ministerio de Ambiente,,Informe-Final.pdf,8,,,"Teniendo en cuenta que se utilizarán chillers enfriados por aire como sistema de refrigeración, en lugar de agua, para esta tecnología de enfriamiento el centro de datos operando a su máxima capacidad prevé tener valores de PUE mínimo y máximo de aproximadamente 1,12 y 1,35 respectivamente, con un PUE medio anual dentro de ese rango.",condición/requerimiento del expediente; verificar relación con Resolución 644/2024,native,,lenguaje explícito de obligación/medida/previsión + término ambiental en la misma unidad textual,
COM327,requerimiento de autoridad,evaluación/criterio de autoridad,peligrosos_baterias,operación,"Contingencias Las principales contingencias identificadas son: • Foco ígneo • Derrame de hidrocarburos e insumos químicos • Falla de suministro eléctrico – operación de emergencia Para las contingencias identificadas se desarrollará un Plan de Prevención de Contingencias y Emergencias, en los cuales se indican las medidas de prevención que se tomarán anticipadamente y las medidas de actuación en caso de que ocurrieran.",,,,,,DINACEA / Ministerio de Ambiente,,Informe-Final.pdf,8,,,"Contingencias Las principales contingencias identificadas son: • Foco ígneo • Derrame de hidrocarburos e insumos químicos • Falla de suministro eléctrico – operación de emergencia Para las contingencias identificadas se desarrollará un Plan de Prevención de Contingencias y Emergencias, en los cuales se indican las medidas de prevención que se tomarán anticipadamente y las medidas de actuación en caso de que ocurrieran.",condición/requerimiento del expediente; verificar relación con Resolución 644/2024,native,,lenguaje explícito de obligación/medida/previsión + término ambiental en la misma unidad textual,
COM328,requerimiento de autoridad,requerimiento/condición de autoridad,,,"Del análisis realizado el proponente concluye que más allá de que por momentos de corta duración se pueda exceder el límite de inmisión para los receptores más cercanos al sitio de la obra, la mayoría del tiempo no es esperable que se exceda este valor durante el período diurno y, para el período nocturno en caso de ejecutar tareas, se deberán establecer las restricciones de cantidad, tipo de maquinaria y distancia al límite del predio para que se cumpla con el valor de calidad objetivo.",,,,,,DINACEA / Ministerio de Ambiente,,Informe-Final.pdf,11,,,"Del análisis realizado el proponente concluye que más allá de que por momentos de corta duración se pueda exceder el límite de inmisión para los receptores más cercanos al sitio de la obra, la mayoría del tiempo no es esperable que se exceda este valor durante el período diurno y, para el período nocturno en caso de ejecutar tareas, se deberán establecer las restricciones de cantidad, tipo de maquinaria y distancia al límite del predio para que se cumpla con el valor de calidad objetivo.",condición/requerimiento del expediente; verificar relación con Resolución 644/2024,native,,lenguaje explícito de obligación/medida/previsión + término ambiental en la misma unidad textual,
COM329,requerimiento de autoridad,evaluación/criterio de autoridad,ruido; social_salud,,"Asimismo, la interesada indica que llevará un registro de quejas y, en caso de recibirse inquietudes por parte de la población, se realizarán monitoreos de NPS y se definirán las acciones pertinentes (fs.",,,,,,DINACEA / Ministerio de Ambiente,,Informe-Final.pdf,11,,,"Asimismo, la interesada indica que llevará un registro de quejas y, en caso de recibirse inquietudes por parte de la población, se realizarán monitoreos de NPS y se definirán las acciones pertinentes (fs.",condición/requerimiento del expediente; verificar relación con Resolución 644/2024,native,,lenguaje explícito de obligación/medida/previsión + término ambiental en la misma unidad textual,
COM330,requerimiento de autoridad,evaluación/criterio de autoridad,social_salud,construcción y operación,"En tal sentido, teniendo en cuenta los niveles de servicio en hora pico, el emprendimiento generará tránsito de vehículos en la zona, ya sea durante su construcción o su operación, que no afectará en forma relevante la situación actual de las Rutas Nacionales.",,,,,,DINACEA / Ministerio de Ambiente,,Informe-Final.pdf,12,,,"En tal sentido, teniendo en cuenta los niveles de servicio en hora pico, el emprendimiento generará tránsito de vehículos en la zona, ya sea durante su construcción o su operación, que no afectará en forma relevante la situación actual de las Rutas Nacionales.",condición/requerimiento del expediente; verificar relación con Resolución 644/2024,native,,lenguaje explícito de obligación/medida/previsión + término ambiental en la misma unidad textual,
COM331,requerimiento de autoridad,requerimiento/condición de autoridad,mitigacion_monitoreo,,"Además, con la Intendencia deberán acordarse medidas de control de la velocidad para asegurarse que los camiones no excedan los límites establecidos; la agenda de entrada y salida deberá ser estricta y procurar minimizar la circulación simultánea en sentidos opuestos.",,,,,,DINACEA / Ministerio de Ambiente,,Informe-Final.pdf,12,,,"Además, con la Intendencia deberán acordarse medidas de control de la velocidad para asegurarse que los camiones no excedan los límites establecidos; la agenda de entrada y salida deberá ser estricta y procurar minimizar la circulación simultánea en sentidos opuestos.",condición/requerimiento del expediente; verificar relación con Resolución 644/2024,native,,lenguaje explícito de obligación/medida/previsión + término ambiental en la misma unidad textual,
COM332,requerimiento de autoridad,evaluación/criterio de autoridad,,,"El proyecto contará con un sistema de tratamiento para estos efluentes, pileta de tratamiento de 29 m3, dividida en 3 compartimientos interconectados.",,,,,,DINACEA / Ministerio de Ambiente,,Informe-Final.pdf,12,,,"El proyecto contará con un sistema de tratamiento para estos efluentes, pileta de tratamiento de 29 m3, dividida en 3 compartimientos interconectados.",condición/requerimiento del expediente; verificar relación con Resolución 644/2024,native,,lenguaje explícito de obligación/medida/previsión + término ambiental en la misma unidad textual,
COM333,requerimiento de autoridad,evaluación/criterio de autoridad,,,Para los residuos peligrosos se contratarán empresas autorizadas por el Ministerio de Ambiente para su transporte y disposición.,,,,,,DINACEA / Ministerio de Ambiente,,Informe-Final.pdf,13,,,Para los residuos peligrosos se contratarán empresas autorizadas por el Ministerio de Ambiente para su transporte y disposición.,condición/requerimiento del expediente; verificar relación con Resolución 644/2024,native,,lenguaje explícito de obligación/medida/previsión + término ambiental en la misma unidad textual,
COM334,requerimiento de autoridad,evaluación/criterio de autoridad,luz_paisaje,operación,4.2 IMPACTOS EN FASE DE OPERACIÓN 4.2.1 Alteración del paisaje por presencia física del emprendimiento La interesada indica que la presencia física del emprendimiento generará una alteración del paisaje actual en el sitio de implantación.,,,,,,DINACEA / Ministerio de Ambiente,,Informe-Final.pdf,13,,,4.2 IMPACTOS EN FASE DE OPERACIÓN 4.2.1 Alteración del paisaje por presencia física del emprendimiento La interesada indica que la presencia física del emprendimiento generará una alteración del paisaje actual en el sitio de implantación.,condición/requerimiento del expediente; verificar relación con Resolución 644/2024,native,,lenguaje explícito de obligación/medida/previsión + término ambiental en la misma unidad textual,
COM335,requerimiento de autoridad,evaluación/criterio de autoridad,generadores_combustible; aire_emisiones,,"373-374), los que contarán con certificación de niveles de emisión “Tier 2” de la US EPA, acoplados con buenas prácticas de combustión y mantenimiento, además de la adecuada selección de combustible SO2 y PM.",,,,,,DINACEA / Ministerio de Ambiente,,Informe-Final.pdf,14,,,"373-374), los que contarán con certificación de niveles de emisión “Tier 2” de la US EPA, acoplados con buenas prácticas de combustión y mantenimiento, además de la adecuada selección de combustible SO2 y PM.",condición/requerimiento del expediente; verificar relación con Resolución 644/2024,native,,lenguaje explícito de obligación/medida/previsión + término ambiental en la misma unidad textual,
COM336,requerimiento de autoridad,evaluación/criterio de autoridad,energia; aire_emisiones,,También presenta las directrices que se implementarán en el Plan de Acción de Emergencia en caso de un apagón total (solo se activará en caso de pérdida total de energía prolongada) e incluye el árbol de decisiones de cómo actúa dependiendo de las concentraciones de inmisión que NO2 que reporte la o las estaciones de medición.,,,,,,DINACEA / Ministerio de Ambiente,,Informe-Final.pdf,17,,,También presenta las directrices que se implementarán en el Plan de Acción de Emergencia en caso de un apagón total (solo se activará en caso de pérdida total de energía prolongada) e incluye el árbol de decisiones de cómo actúa dependiendo de las concentraciones de inmisión que NO2 que reporte la o las estaciones de medición.,condición/requerimiento del expediente; verificar relación con Resolución 644/2024,native,,lenguaje explícito de obligación/medida/previsión + término ambiental en la misma unidad textual,
COM337,requerimiento de autoridad,evaluación/criterio de autoridad,ruido,,"778) La interesada indica que a partir de la determinación de los NPS en los receptores MR1 y MR2 se desprende que el ambiente sonoro está influenciado por los niveles actuales, que la variación ocasionada por las tareas de mantenimiento a desarrollar en el Centro de Datos es menor a 1 dBA y, considerando que se desarrollarán únicamente en horario diurno, serán imperceptibles por el oído humano.",,,,,,DINACEA / Ministerio de Ambiente,,Informe-Final.pdf,19,,,"778) La interesada indica que a partir de la determinación de los NPS en los receptores MR1 y MR2 se desprende que el ambiente sonoro está influenciado por los niveles actuales, que la variación ocasionada por las tareas de mantenimiento a desarrollar en el Centro de Datos es menor a 1 dBA y, considerando que se desarrollarán únicamente en horario diurno, serán imperceptibles por el oído humano.",condición/requerimiento del expediente; verificar relación con Resolución 644/2024,native,,lenguaje explícito de obligación/medida/previsión + término ambiental en la misma unidad textual,
COM338,requerimiento de autoridad,evaluación/criterio de autoridad,,,"A continuación, se identifican y cuantifican los residuos que se espera se generarán en el marco de la operativa del proyecto.",,,,,,DINACEA / Ministerio de Ambiente,,Informe-Final.pdf,20,,,"A continuación, se identifican y cuantifican los residuos que se espera se generarán en el marco de la operativa del proyecto.",condición/requerimiento del expediente; verificar relación con Resolución 644/2024,native,,lenguaje explícito de obligación/medida/previsión + término ambiental en la misma unidad textual,
COM339,requerimiento de autoridad,evaluación/criterio de autoridad,agua; efluentes,,"4.2.4 Afectación a la calidad del agua por mala gestión de aguas residuales Se prevé la generación de un máximo de 48 m3/d de efluentes asimilables a domésticos, que serán conducidos a la planta de tratamiento de PDLC, la cual cuenta con capacidad suficiente para recibir, tratar y disponer los mismos según nota presentada por el PDLC.",,,,,,DINACEA / Ministerio de Ambiente,,Informe-Final.pdf,21,,,"4.2.4 Afectación a la calidad del agua por mala gestión de aguas residuales Se prevé la generación de un máximo de 48 m3/d de efluentes asimilables a domésticos, que serán conducidos a la planta de tratamiento de PDLC, la cual cuenta con capacidad suficiente para recibir, tratar y disponer los mismos según nota presentada por el PDLC.",condición/requerimiento del expediente; verificar relación con Resolución 644/2024,native,,lenguaje explícito de obligación/medida/previsión + término ambiental en la misma unidad textual,
COM340,requerimiento de autoridad,evaluación/criterio de autoridad,ruido; mitigacion_monitoreo,operación,"Con respecto al monitoreo de NPS, tendrá en cuenta los siguientes puntos: • Se considerarán como mínimo los cuatro puntos utilizados para la caracterización de la línea de base • Durante el primer año de operación del emprendimiento se realizarán mediciones estacionales (una en cada estación del año) en cada uno de los puntos en las dos situaciones, sin y con mantenimiento de generadores. • Las medidas se realizarán siguiendo las pautas establecidas en el “Protocolo de medición de niveles de presión sonora en inmisión” elaborado en 2013 en el marco del convenio entre el Ministerio y la UdelaR.",,,,,,DINACEA / Ministerio de Ambiente,,Informe-Final.pdf,22,,,"Con respecto al monitoreo de NPS, tendrá en cuenta los siguientes puntos: • Se considerarán como mínimo los cuatro puntos utilizados para la caracterización de la línea de base • Durante el primer año de operación del emprendimiento se realizarán mediciones estacionales (una en cada estación del año) en cada uno de los puntos en las dos situaciones, sin y con mantenimiento de generadores. • Las medidas se realizarán siguiendo las pautas establecidas en el “Protocolo de medición de niveles de presión sonora en inmisión” elaborado en 2013 en el marco del convenio entre el Ministerio y la UdelaR.",condición/requerimiento del expediente; verificar relación con Resolución 644/2024,native,,lenguaje explícito de obligación/medida/previsión + término ambiental en la misma unidad textual,
COM341,requerimiento de autoridad,evaluación/criterio de autoridad,aire_emisiones; mitigacion_monitoreo,,"Cecilia Maroñas – Técnico Lucia Castillo - Técnico María Noel Martínez - Jefe de Departamento Rosario Lucas – Gerente de Área Con respecto a la calidad de aire, se implementará un monitoreo de NO2 en la línea perimetral de la instalación para determinar las condiciones meteorológicas y las concentraciones de calidad del aire ambiente.",,,,,,DINACEA / Ministerio de Ambiente,,Informe-Final.pdf,23,,,"Cecilia Maroñas – Técnico Lucia Castillo - Técnico María Noel Martínez - Jefe de Departamento Rosario Lucas – Gerente de Área Con respecto a la calidad de aire, se implementará un monitoreo de NO2 en la línea perimetral de la instalación para determinar las condiciones meteorológicas y las concentraciones de calidad del aire ambiente.",condición/requerimiento del expediente; verificar relación con Resolución 644/2024,native,,lenguaje explícito de obligación/medida/previsión + término ambiental en la misma unidad textual,
COM342,requerimiento de autoridad,evaluación/criterio de autoridad,mitigacion_monitoreo,operación,"En principio se instalará el número adecuado de estaciones compactas de monitoreo de la calidad del aire, con el fin de tener datos en vivo de la calidad del aire durante escenarios de contingencias – operación de emergencia.",,,,,,DINACEA / Ministerio de Ambiente,,Informe-Final.pdf,23,,,"En principio se instalará el número adecuado de estaciones compactas de monitoreo de la calidad del aire, con el fin de tener datos en vivo de la calidad del aire durante escenarios de contingencias – operación de emergencia.",condición/requerimiento del expediente; verificar relación con Resolución 644/2024,native,,lenguaje explícito de obligación/medida/previsión + término ambiental en la misma unidad textual,
COM343,requerimiento de autoridad,requerimiento/condición de autoridad,ruido; mitigacion_monitoreo,construcción,"Por tanto, el Plan de Relacionamiento Comunitario deberá contener un apartado específico sobre cómo serán los mecanismos de comunicación con y hacia los vecinos próximos al predio durante la fase de construcción, el detalle de cómo será el sistema de recepción de consultas y reclamos, y las pautas a realizar en caso de recibir consultas o reclamos asociados al NPS durante esta fase, las que deberán incluir el detalle del monitoreo a ser realizado y las medidas de gestión a implementar de corresponder.",,,,,,DINACEA / Ministerio de Ambiente,,Informe-Final.pdf,25,,,"Por tanto, el Plan de Relacionamiento Comunitario deberá contener un apartado específico sobre cómo serán los mecanismos de comunicación con y hacia los vecinos próximos al predio durante la fase de construcción, el detalle de cómo será el sistema de recepción de consultas y reclamos, y las pautas a realizar en caso de recibir consultas o reclamos asociados al NPS durante esta fase, las que deberán incluir el detalle del monitoreo a ser realizado y las medidas de gestión a implementar de corresponder.",condición/requerimiento del expediente; verificar relación con Resolución 644/2024,native,,lenguaje explícito de obligación/medida/previsión + término ambiental en la misma unidad textual,
COM344,requerimiento de autoridad,requerimiento/condición de autoridad,social_salud; mitigacion_monitoreo,,"Por tanto, si la interesada entiende necesario realizar tareas durante el período nocturno, deberá presentar para su evaluación y aprobación a la DINACEA, la definición del conjunto de medidas a realizar junto con su análisis ambiental correspondiente y, en caso de corresponder, las medidas de mitigación hasta umbrales aceptables los efectos sobre la salud y al bienestar de la población.",,,,,,DINACEA / Ministerio de Ambiente,,Informe-Final.pdf,25,,,"Por tanto, si la interesada entiende necesario realizar tareas durante el período nocturno, deberá presentar para su evaluación y aprobación a la DINACEA, la definición del conjunto de medidas a realizar junto con su análisis ambiental correspondiente y, en caso de corresponder, las medidas de mitigación hasta umbrales aceptables los efectos sobre la salud y al bienestar de la población.",condición/requerimiento del expediente; verificar relación con Resolución 644/2024,native,,lenguaje explícito de obligación/medida/previsión + término ambiental en la misma unidad textual,
COM345,requerimiento de autoridad,requerimiento/condición de autoridad,ruido; mitigacion_monitoreo,,"En tal sentido, la titular deberá presentar en forma preliminar las potenciales medidas de mitigación necesarias para cumplir con el valor de calidad objetivo de NPS, en dichos receptores.",,,,,,DINACEA / Ministerio de Ambiente,,Informe-Final.pdf,26,,,"En tal sentido, la titular deberá presentar en forma preliminar las potenciales medidas de mitigación necesarias para cumplir con el valor de calidad objetivo de NPS, en dichos receptores.",condición/requerimiento del expediente; verificar relación con Resolución 644/2024,native,,lenguaje explícito de obligación/medida/previsión + término ambiental en la misma unidad textual,
COM346,requerimiento de autoridad,requerimiento/condición de autoridad,mitigacion_monitoreo,operación,"Para corroborar la no necesidad de implementar dichas medidas de mitigación verificando el cumplimiento de los niveles de presión sonora, la titular deberá realizar un monitoreo exhaustivo y representativo, en el primer mes de operación, presentado los resultados y su evaluación dentro de los 45 días de empezada la fase de operación de cada módulo del data center.",,,,,,DINACEA / Ministerio de Ambiente,,Informe-Final.pdf,26,,,"Para corroborar la no necesidad de implementar dichas medidas de mitigación verificando el cumplimiento de los niveles de presión sonora, la titular deberá realizar un monitoreo exhaustivo y representativo, en el primer mes de operación, presentado los resultados y su evaluación dentro de los 45 días de empezada la fase de operación de cada módulo del data center.",condición/requerimiento del expediente; verificar relación con Resolución 644/2024,native,,lenguaje explícito de obligación/medida/previsión + término ambiental en la misma unidad textual,
COM347,requerimiento de autoridad,requerimiento/condición de autoridad,mitigacion_monitoreo,,De corresponder deberá presentar un cronograma de implementación de las medidas de mitigación.,,,,,,DINACEA / Ministerio de Ambiente,,Informe-Final.pdf,26,,,De corresponder deberá presentar un cronograma de implementación de las medidas de mitigación.,condición/requerimiento del expediente; verificar relación con Resolución 644/2024,native,,lenguaje explícito de obligación/medida/previsión + término ambiental en la misma unidad textual,
COM348,requerimiento de autoridad,requerimiento/condición de autoridad,,,"Adicionalmente, dado el resultado del estudio realizado para bajas frecuencias, se entiende pertinente aclarar que, el titular deberá asegurar el cumplimiento de los niveles de presión sonora en interiores, según lo especificado en la Guía:",,,,,,DINACEA / Ministerio de Ambiente,,Informe-Final.pdf,26,,,"Adicionalmente, dado el resultado del estudio realizado para bajas frecuencias, se entiende pertinente aclarar que, el titular deberá asegurar el cumplimiento de los niveles de presión sonora en interiores, según lo especificado en la Guía:",condición/requerimiento del expediente; verificar relación con Resolución 644/2024,native,,lenguaje explícito de obligación/medida/previsión + término ambiental en la misma unidad textual,
COM349,requerimiento de autoridad,requerimiento/condición de autoridad,mitigacion_monitoreo,,"De presentarse denuncias o quejas de receptores cercanos por emisiones sonoras generadas por el proyecto, el titular deberá corroborar mediante monitoreo en el interior del recinto del denunciante (con consentimiento del mismo) el cumplimiento de los valores guías mencionados en el párrafo precedente, de ser necesario deberá implementar medidas de mitigación hasta alcanzar la admisibilidad de la afectación.",,,,,,DINACEA / Ministerio de Ambiente,,Informe-Final.pdf,27,,,"De presentarse denuncias o quejas de receptores cercanos por emisiones sonoras generadas por el proyecto, el titular deberá corroborar mediante monitoreo en el interior del recinto del denunciante (con consentimiento del mismo) el cumplimiento de los valores guías mencionados en el párrafo precedente, de ser necesario deberá implementar medidas de mitigación hasta alcanzar la admisibilidad de la afectación.",condición/requerimiento del expediente; verificar relación con Resolución 644/2024,native,,lenguaje explícito de obligación/medida/previsión + término ambiental en la misma unidad textual,
COM350,requerimiento de autoridad,requerimiento/condición de autoridad,generadores_combustible,operación / previo a AAO,"Esta ratificación es una condición necesaria para la tramitación de la Autorización Ambiental de Operación (AAO) y la titular deberá presentar la evidencia suficiente a la DINACEA para su verificación, junto con la evidencia de que los motores son efectivamente TIER 2, así como los procedimientos que aseguren que se seguirán las buenas prácticas tanto en la combustión como en el mantenimiento de los motores y la elección de los combustibles.",,,,,,DINACEA / Ministerio de Ambiente,,Informe-Final.pdf,27,,,"Esta ratificación es una condición necesaria para la tramitación de la Autorización Ambiental de Operación (AAO) y la titular deberá presentar la evidencia suficiente a la DINACEA para su verificación, junto con la evidencia de que los motores son efectivamente TIER 2, así como los procedimientos que aseguren que se seguirán las buenas prácticas tanto en la combustión como en el mantenimiento de los motores y la elección de los combustibles.",condición/requerimiento del expediente; verificar relación con Resolución 644/2024,native,,lenguaje explícito de obligación/medida/previsión + término ambiental en la misma unidad textual,
COM351,requerimiento de autoridad,evaluación/criterio de autoridad,mitigacion_monitoreo,operación / previo a AAO,"Dentro de las acciones a seguir para realizar el seguimiento y determinación de las acciones asociadas necesarias de ejecutar a razón de eventos de superación de los límites de calidad objetivo durante escenarios de emergencia, la titular incluye en la documentación presentada las directrices que se implementarán en el Plan de Acción de Emergencias, e indica que este Plan será presentado durante la tramitación de la AAO.",,,,,,DINACEA / Ministerio de Ambiente,,Informe-Final.pdf,28,,,"Dentro de las acciones a seguir para realizar el seguimiento y determinación de las acciones asociadas necesarias de ejecutar a razón de eventos de superación de los límites de calidad objetivo durante escenarios de emergencia, la titular incluye en la documentación presentada las directrices que se implementarán en el Plan de Acción de Emergencias, e indica que este Plan será presentado durante la tramitación de la AAO.",condición/requerimiento del expediente; verificar relación con Resolución 644/2024,native,,lenguaje explícito de obligación/medida/previsión + término ambiental en la misma unidad textual,
COM352,requerimiento de autoridad,evaluación/criterio de autoridad,aire_emisiones; mitigacion_monitoreo,operación / previo a AAO,"Si bien no se tiene objeciones con que este Plan finalice su definición durante la etapa de tramitación de AAO, se advierte a la titular que la escasa justificación hasta ahora presentada de la cantidad y de la localización donde se instalarán las estaciones automáticas compactas de monitoreo de calidad de aire que darán sustento a la implementación del mencionado Plan no es suficiente, y que la localización aparentemente elegida para su instalación parece no ser la óptima a los fines buscados.",,,,,,DINACEA / Ministerio de Ambiente,,Informe-Final.pdf,28,,,"Si bien no se tiene objeciones con que este Plan finalice su definición durante la etapa de tramitación de AAO, se advierte a la titular que la escasa justificación hasta ahora presentada de la cantidad y de la localización donde se instalarán las estaciones automáticas compactas de monitoreo de calidad de aire que darán sustento a la implementación del mencionado Plan no es suficiente, y que la localización aparentemente elegida para su instalación parece no ser la óptima a los fines buscados.",condición/requerimiento del expediente; verificar relación con Resolución 644/2024,native,,lenguaje explícito de obligación/medida/previsión + término ambiental en la misma unidad textual,
COM353,requerimiento de autoridad,requerimiento/condición de autoridad,mitigacion_monitoreo,operación / previo a AAO,"Por tanto, se deberá presentar el detalle del Plan de Monitoreo a implementar, así como los detalles del Plan de Acción ante Emergencia que aborden como mínimo los asuntos anteriormente mencionados como condición necesaria para iniciar el proceso de tramitación de la AAO.",,,,,,DINACEA / Ministerio de Ambiente,,Informe-Final.pdf,28,,,"Por tanto, se deberá presentar el detalle del Plan de Monitoreo a implementar, así como los detalles del Plan de Acción ante Emergencia que aborden como mínimo los asuntos anteriormente mencionados como condición necesaria para iniciar el proceso de tramitación de la AAO.",condición/requerimiento del expediente; verificar relación con Resolución 644/2024,native,,lenguaje explícito de obligación/medida/previsión + término ambiental en la misma unidad textual,
COM354,requerimiento de autoridad,requerimiento/condición de autoridad,,operación,"No obstante lo anterior, a los efectos de ratificar las conclusiones arribadas, previo a la tramitación de la Autorización Ambiental de Operación, la titular deberá presentar la evidencia necesaria que permita ratificar que la caracterización de las emisiones al aire que efectivamente tendrán los generadores a ser instalados sea igual o menor en términos de carga de contaminantes a las presentadas por la titular en el IAR y utilizadas por esta Área a los efectos de la evaluación.",,,,,,DINACEA / Ministerio de Ambiente,,Informe-Final.pdf,29,,,"No obstante lo anterior, a los efectos de ratificar las conclusiones arribadas, previo a la tramitación de la Autorización Ambiental de Operación, la titular deberá presentar la evidencia necesaria que permita ratificar que la caracterización de las emisiones al aire que efectivamente tendrán los generadores a ser instalados sea igual o menor en términos de carga de contaminantes a las presentadas por la titular en el IAR y utilizadas por esta Área a los efectos de la evaluación.",condición/requerimiento del expediente; verificar relación con Resolución 644/2024,native,,lenguaje explícito de obligación/medida/previsión + término ambiental en la misma unidad textual,
COM355,requerimiento de autoridad,evaluación/criterio de autoridad,,,"Al respecto, se destaca que, al día de la fecha, existen en nuestro país empresas autorizadas para dar una gestión adecuada a este tipo de residuos, existiendo capacidad suficiente para recibir los nuevos residuos que se estiman se generarán.",,,,,,DINACEA / Ministerio de Ambiente,,Informe-Final.pdf,29,,,"Al respecto, se destaca que, al día de la fecha, existen en nuestro país empresas autorizadas para dar una gestión adecuada a este tipo de residuos, existiendo capacidad suficiente para recibir los nuevos residuos que se estiman se generarán.",condición/requerimiento del expediente; verificar relación con Resolución 644/2024,native,,lenguaje explícito de obligación/medida/previsión + término ambiental en la misma unidad textual,
COM356,requerimiento de autoridad,requerimiento/condición de autoridad,residuos; mitigacion_monitoreo,operación / previo a AAO,"Este proyecto se encuentra contemplado en el Capítulo VI del Decreto 349/05, por lo que en el marco de la Autorización Ambiental de Operación (AAO) deberá presentar una actualización del Plan de Gestión de Residuos Sólidos Industriales (PGRSI) que incluya una mejor cuantificación de residuos de RAEE a ser generados por el proyecto que contemple el recambio de los servidores, junto con la nota de aceptación del gestor de residuos seleccionado para la gestión de los mismos, que explícitamente asuma el recibo de los mismos.",,,,,,DINACEA / Ministerio de Ambiente,,Informe-Final.pdf,29,,,"Este proyecto se encuentra contemplado en el Capítulo VI del Decreto 349/05, por lo que en el marco de la Autorización Ambiental de Operación (AAO) deberá presentar una actualización del Plan de Gestión de Residuos Sólidos Industriales (PGRSI) que incluya una mejor cuantificación de residuos de RAEE a ser generados por el proyecto que contemple el recambio de los servidores, junto con la nota de aceptación del gestor de residuos seleccionado para la gestión de los mismos, que explícitamente asuma el recibo de los mismos.",condición/requerimiento del expediente; verificar relación con Resolución 644/2024,native,,lenguaje explícito de obligación/medida/previsión + término ambiental en la misma unidad textual,
COM357,requerimiento de autoridad,requerimiento/condición de autoridad,residuos,operación / previo a AAO,"Por último, en lo que refiere a la gestión de los residuos de RAEE en un eventual abandono del proyecto, se deberá presentar la estimación correspondiente en la actualización del PGRSI a ser presentado en el marco de la AAO.",,,,,,DINACEA / Ministerio de Ambiente,,Informe-Final.pdf,29,,,"Por último, en lo que refiere a la gestión de los residuos de RAEE en un eventual abandono del proyecto, se deberá presentar la estimación correspondiente en la actualización del PGRSI a ser presentado en el marco de la AAO.",condición/requerimiento del expediente; verificar relación con Resolución 644/2024,native,,lenguaje explícito de obligación/medida/previsión + término ambiental en la misma unidad textual,
COM358,requerimiento de autoridad,requerimiento/condición de autoridad,mitigacion_monitoreo,construcción,"Por tanto, no se autoriza el acceso al predio a través del camino Gonchi Rodríguez durante la fase de construcción y, en caso de que la interesada opte por considerar este acceso como alternativa, deberá presentar para la aprobación de la DINACEA las acciones de mitigación necesarias, con su debida justificación demostrando que se puede reducir hasta umbrales aceptables la afectación sobre el nivel de servicio, la seguridad e infraestructura vial, en conjunto con el cronograma de implementación correspondiente.",,,,,,DINACEA / Ministerio de Ambiente,,Informe-Final.pdf,30,,,"Por tanto, no se autoriza el acceso al predio a través del camino Gonchi Rodríguez durante la fase de construcción y, en caso de que la interesada opte por considerar este acceso como alternativa, deberá presentar para la aprobación de la DINACEA las acciones de mitigación necesarias, con su debida justificación demostrando que se puede reducir hasta umbrales aceptables la afectación sobre el nivel de servicio, la seguridad e infraestructura vial, en conjunto con el cronograma de implementación correspondiente.",condición/requerimiento del expediente; verificar relación con Resolución 644/2024,native,,lenguaje explícito de obligación/medida/previsión + término ambiental en la misma unidad textual,
COM359,requerimiento de autoridad,requerimiento/condición de autoridad,,operación / previo a AAO,"Por otro lado, en el marco de la SAAO deberá presentar nota de aceptación del Gestor Autorizado, para recepcionar, tratar y disponer adecuadamente, los efluentes industriales, máximo 4 m3/día.",,,,,,DINACEA / Ministerio de Ambiente,,Informe-Final.pdf,30,,,"Por otro lado, en el marco de la SAAO deberá presentar nota de aceptación del Gestor Autorizado, para recepcionar, tratar y disponer adecuadamente, los efluentes industriales, máximo 4 m3/día.",condición/requerimiento del expediente; verificar relación con Resolución 644/2024,native,,lenguaje explícito de obligación/medida/previsión + término ambiental en la misma unidad textual,
COM360,requerimiento de autoridad,requerimiento/condición de autoridad,social_salud,,"Si bien no se tiene objeciones a lo planteado, corresponde que, previo al inicio de las obras se presente para su aprobación una versión actualizada del PGAC, la cual deberá profundizar, entre otros, los siguientes asuntos: programa de gestión de residuos de obra con especial énfasis en la gestión de residuos de obras civiles y tierras de excavación; programa de manejo del tránsito; programa de gestión de efluentes; y programa de relacionamiento comunitario.",,,,,,DINACEA / Ministerio de Ambiente,,Informe-Final.pdf,31,,,"Si bien no se tiene objeciones a lo planteado, corresponde que, previo al inicio de las obras se presente para su aprobación una versión actualizada del PGAC, la cual deberá profundizar, entre otros, los siguientes asuntos: programa de gestión de residuos de obra con especial énfasis en la gestión de residuos de obras civiles y tierras de excavación; programa de manejo del tránsito; programa de gestión de efluentes; y programa de relacionamiento comunitario.",condición/requerimiento del expediente; verificar relación con Resolución 644/2024,native,,lenguaje explícito de obligación/medida/previsión + término ambiental en la misma unidad textual,
COM361,requerimiento de autoridad,requerimiento/condición de autoridad,ruido; social_salud; mitigacion_monitoreo,,"Este último deberá contener como mínimo la definición de cómo se realizará la comunicación con la comunidad local, cómo se realizará la gestión de consultas y reclamos, y qué acciones de monitoreo de NPS se llevarán a cabo en caso de recibir quejas o reclamos sobre este asunto.",,,,,,DINACEA / Ministerio de Ambiente,,Informe-Final.pdf,31,,,"Este último deberá contener como mínimo la definición de cómo se realizará la comunicación con la comunidad local, cómo se realizará la gestión de consultas y reclamos, y qué acciones de monitoreo de NPS se llevarán a cabo en caso de recibir quejas o reclamos sobre este asunto.",condición/requerimiento del expediente; verificar relación con Resolución 644/2024,native,,lenguaje explícito de obligación/medida/previsión + término ambiental en la misma unidad textual,
COM362,requerimiento de autoridad,requerimiento/condición de autoridad,mitigacion_monitoreo,operación,"7.9 SOBRE LA GESTIÓN AMBIENTAL DURANTE LA FASE DE OPERACIÓN La titular deberá presentar, previo al comienzo de la operación y con suficiente antelación como para permitir su cabal análisis, el plan de gestión ambiental de operación (PGAO) como documentación soporte para la tramitación de la Autorización Ambiental de Operación.",,,,,,DINACEA / Ministerio de Ambiente,,Informe-Final.pdf,31,,,"7.9 SOBRE LA GESTIÓN AMBIENTAL DURANTE LA FASE DE OPERACIÓN La titular deberá presentar, previo al comienzo de la operación y con suficiente antelación como para permitir su cabal análisis, el plan de gestión ambiental de operación (PGAO) como documentación soporte para la tramitación de la Autorización Ambiental de Operación.",condición/requerimiento del expediente; verificar relación con Resolución 644/2024,native,,lenguaje explícito de obligación/medida/previsión + término ambiental en la misma unidad textual,
COM363,requerimiento de autoridad,requerimiento/condición de autoridad,energia; residuos; mitigacion_monitoreo,operación / previo a AAO,"Junto con la SAAO deberá presentar el PGAO que incluya, entre otros, los siguientes asuntos: • Detalle de las actividades y procedimientos a desarrollar durante la fase de operación, incluyendo los procedimientos para la medición del PUE anual del data center. • Versión actualizada del Plan de Gestión de Residuos Sólidos, incluyendo la estimación de los RAEE generados en el recambio de servidores y el eventual abandono del proyecto. • Detalle de los programas de monitoreo a ejecutar para el control y seguimiento de los niveles de presión sonora en el entorno inmediato, que permita verificar el cumplimiento de los valores objetivos de calidad acústica en los receptores, R12, R13, R14, R15, R24, R25, MR1. • Procedimientos a implementar, incluyendo acciones concretas y frecuencia de ejecución, para asegurar las buenas prácticas tanto en la combustión Página 31 de 33 Primera firma:",,,,,,DINACEA / Ministerio de Ambiente,,Informe-Final.pdf,31,,,"Junto con la SAAO deberá presentar el PGAO que incluya, entre otros, los siguientes asuntos: • Detalle de las actividades y procedimientos a desarrollar durante la fase de operación, incluyendo los procedimientos para la medición del PUE anual del data center. • Versión actualizada del Plan de Gestión de Residuos Sólidos, incluyendo la estimación de los RAEE generados en el recambio de servidores y el eventual abandono del proyecto. • Detalle de los programas de monitoreo a ejecutar para el control y seguimiento de los niveles de presión sonora en el entorno inmediato, que permita verificar el cumplimiento de los valores objetivos de calidad acústica en los receptores, R12, R13, R14, R15, R24, R25, MR1. • Procedimientos a implementar, incluyendo acciones concretas y frecuencia de ejecución, para asegurar las buenas prácticas tanto en la combustión Página 31 de 33 Primera firma:",condición/requerimiento del expediente; verificar relación con Resolución 644/2024,native,,lenguaje explícito de obligación/medida/previsión + término ambiental en la misma unidad textual,
COM364,requerimiento de autoridad,requerimiento/condición de autoridad,,construcción,"Previo al inicio de la fase de construcción el proponente deberá presentar, para su aprobación una actualización del PGA de construcción, que contenga como mínimo los puntos establecidos en el apartado 7.8 del presente informe.",,,,,,DINACEA / Ministerio de Ambiente,,Informe-Final.pdf,32,,,"Previo al inicio de la fase de construcción el proponente deberá presentar, para su aprobación una actualización del PGA de construcción, que contenga como mínimo los puntos establecidos en el apartado 7.8 del presente informe.",condición/requerimiento del expediente; verificar relación con Resolución 644/2024,native,,lenguaje explícito de obligación/medida/previsión + término ambiental en la misma unidad textual,
COM365,requerimiento de autoridad,requerimiento/condición de autoridad,energia; aire_emisiones; social_salud; mitigacion_monitoreo,,"El Plan de Emergencia ante el corte de suministro de energía el que deberá incluir como mínimo, el protocolo de desconexión de carga, el plan de monitoreo de calidad de aire (ubicación de estaciones de monitoreo y metodologías de medición), acciones hacia la comunidad a ser implementadas en caso de superar el valor en calidad de aire de 260 µg/m3 para NO2.",,,,,,DINACEA / Ministerio de Ambiente,,Informe-Final.pdf,33,,,"El Plan de Emergencia ante el corte de suministro de energía el que deberá incluir como mínimo, el protocolo de desconexión de carga, el plan de monitoreo de calidad de aire (ubicación de estaciones de monitoreo y metodologías de medición), acciones hacia la comunidad a ser implementadas en caso de superar el valor en calidad de aire de 260 µg/m3 para NO2.",condición/requerimiento del expediente; verificar relación con Resolución 644/2024,native,,lenguaje explícito de obligación/medida/previsión + término ambiental en la misma unidad textual,
COM366,requerimiento de autoridad,requerimiento/condición de autoridad,mitigacion_monitoreo,operación,Todos los registros generados por las actividades de monitoreo en la fase de operación del Proyecto deberán estar a disposición de la DINACEA en el predio objeto de la presente autorización ambiental.,,,,,,DINACEA / Ministerio de Ambiente,,Informe-Final.pdf,33,,,Todos los registros generados por las actividades de monitoreo en la fase de operación del Proyecto deberán estar a disposición de la DINACEA en el predio objeto de la presente autorización ambiental.,condición/requerimiento del expediente; verificar relación con Resolución 644/2024,native,,lenguaje explícito de obligación/medida/previsión + término ambiental en la misma unidad textual,
COM367,requerimiento de autoridad,requerimiento/condición de autoridad,mitigacion_monitoreo,,"De constatarse impactos ambientales no previstos originalmente, se deberán establecer medidas de mitigación y presentarlas a DINACEA para su aprobación.",,,,,,DINACEA / Ministerio de Ambiente,,Informe-Final.pdf,33,,,"De constatarse impactos ambientales no previstos originalmente, se deberán establecer medidas de mitigación y presentarlas a DINACEA para su aprobación.",condición/requerimiento del expediente; verificar relación con Resolución 644/2024,native,,lenguaje explícito de obligación/medida/previsión + término ambiental en la misma unidad textual,
COM368,requerimiento de autoridad,requerimiento/condición de autoridad,ruido; mitigacion_monitoreo,operación,"En el plazo de la vista, la titular deberá presentar, para corroborar la no necesidad de implementar medidas de mitigación y verificar el cumplimiento de los niveles de presión sonora, un plan de monitoreo de NPS, exhaustivo y representativo, en el primer mes de operación, con el compromiso de que en un plazo no mayor 45 días de comenzada la operación, para cada módulo del data center, presente ante esta administración los resultados del monitoreo y su correspondiente evaluación y de corresponder el cronograma de implantación de una actualización de las medidas de mitigación que presentara en esta evacuación de vista.",,,,,,DINACEA / Ministerio de Ambiente,,Informe-Final.pdf,33,,,"En el plazo de la vista, la titular deberá presentar, para corroborar la no necesidad de implementar medidas de mitigación y verificar el cumplimiento de los niveles de presión sonora, un plan de monitoreo de NPS, exhaustivo y representativo, en el primer mes de operación, con el compromiso de que en un plazo no mayor 45 días de comenzada la operación, para cada módulo del data center, presente ante esta administración los resultados del monitoreo y su correspondiente evaluación y de corresponder el cronograma de implantación de una actualización de las medidas de mitigación que presentara en esta evacuación de vista.",condición/requerimiento del expediente; verificar relación con Resolución 644/2024,native,,lenguaje explícito de obligación/medida/previsión + término ambiental en la misma unidad textual,
COM369,requerimiento de autoridad,requerimiento/condición de autoridad,ruido; mitigacion_monitoreo,,"En tal sentido, en el plazo de la vista, deberá presentar en forma preliminar las potenciales medidas de mitigación necesarias para dar cumplimiento, de ser necesario, con el valor de calidad objetivo de NPS, en los receptores R12, R13, R14, R15, R24, R25, MR1.",,,,,,DINACEA / Ministerio de Ambiente,,Informe-Final.pdf,33,,,"En tal sentido, en el plazo de la vista, deberá presentar en forma preliminar las potenciales medidas de mitigación necesarias para dar cumplimiento, de ser necesario, con el valor de calidad objetivo de NPS, en los receptores R12, R13, R14, R15, R24, R25, MR1.",condición/requerimiento del expediente; verificar relación con Resolución 644/2024,native,,lenguaje explícito de obligación/medida/previsión + término ambiental en la misma unidad textual,
